Workbook

Sheet README
A1: OpenTwin Anchor Layer, consolidated workbook
A2: Version 3.0 · 28 July 2026 · supersedes the 2026-07-27 and 2026-07 FineTuned workbooks
A4: Punch line | C4: Biomarker measurement first, interpretation second. A quantity must be measurable, in a declared unit, against an interval, before any interpretive layer may touch it.
A6: HEADLINE NUMBERS
A7: Core markers in the anchor set | B7: =COUNTA(Anchor_Core_Set!$A$2:$A$68) -> 67 | C7: Unchanged across both source workbooks.
A8: Markers with no blocking or open flag | B8: =COUNTIF(Anchor_Core_Set!$T$2:$T$68,"none") -> 58 | C8: Ready to build against today.
A9: Markers with a BLOCKING flag | B9: =SUMPRODUCT(--ISNUMBER(SEARCH("BLOCKING",Anchor_Core_Set!$T$2:$T$68))) -> 3 | C9: LOINC property disagrees with the declared unit. Needs a decision, see Data_Quality_Findings F-01 to F-03.
A10: Markers with at least one interval on file | B10: =COUNTIF(Anchor_Core_Set!$V$2:$V$68,"interval_on_file") -> 31 | C10: Interpretation is possible for these today.
A11: Markers with no interval, model abstains | B11: =COUNTIF(Anchor_Core_Set!$V$2:$V$68,"no_interval_abstain") -> 36 | C11: NOT a defect. Per SAD invariant 3 a null interval means the model abstains and says why.
A12: Candidate reference intervals recorded | B12: =COUNTA(Reference_Intervals!$A$2:$A$99) -> 98 | C12: Candidates, not canonical values. Many markers carry more than one.
A13: Region enum size (closed) | B13: =COUNTA(Region_Enum!$A$2:$A$26) -> 25 | C13: Adding a region is a contract change and needs an ADR.
A14: Terminology codes still UNVERIFIED | B14: =COUNTIF(Anchor_Core_Set!$F$2:$F$68,"UNVERIFIED") -> 67 | C14: The review work queue. CI stays red until a named human signs these off.
A15: Open findings | B15: =COUNTIF(Data_Quality_Findings!$G$2:$G$17,"OPEN") -> 9 | C15: See Data_Quality_Findings.
A17: SHEETS
A18: Anchor_Core_Set | B18: 67 rows | C18: The core set, with UCUM units, region ids and blocking flags. The two right-hand columns are formulas driven off Reference_Intervals.
A19: Region_Enum | B19: 25 rows | C19: Closed vocabulary of body regions, split into anatomical and system. Proposed SNOMED and UBERON bindings, all UNVERIFIED.
A20: Organ_Mapping_Crosswalk | B20: 26 rows | C20: How each free-text organ_mapping token resolves. Three tokens are proposed for retirement.
A21: Reference_Intervals | B21: 98 rows | C21: Candidate intervals with issuer, issuer kind, source URL and retrieval date. Interpretive bands are tagged separately.
A22: LOINC_Map | B22: 69 rows | C22: Codes with loinc.org URLs and the review-record path each one needs.
A23: Data_Quality_Findings | B23: 16 rows | C23: Every known defect and open question, with severity, owner and status.
A24: C3_Audit | B24: 20 rows | C24: Guideline anchoring pass, carried over unchanged.
A25: Panel_Decomposition | B25: 21 rows | C25: How the composite panels were decomposed, carried over unchanged.
A26: Exclusions | B26: 372 rows | C26: The negative space. Why 355 of 422 markers are not in the core set.
A27: Change_Log | B27: 9 rows | C27: What changed in this version and why.
A29: PROVENANCE
A30: Reference_Intervals | B30: 2026_07_27_OpenTwin_AnchorLayer.xlsx | C30: Taken from the earlier file. The FineTuned version lost the parsed low, high and population columns: 98 populated rows became 0. See finding F-04.
A31: Everything else | B31: 2026_07_OpenTwin_AnchorLayer_FineTuned.xlsx | C31: The later file added organ_mapping, LOINC_Map, C3_Audit, Panel_Decomposition and Exclusions.
A32: Interval issuers | B32: IMD Berlin Leistungsverzeichnis (12.02.2025); IMD Berlin-Potsdam Referenzbereiche (28.09.2015) | C32: URLs and retrieval date 2026-07-12 taken from the Landscape Review reference list.
A33: UCUM mapping | B33: Added here | C33: Hypothesis only. Must be validated against a real UCUM grammar library in CI before it is trusted.
A34: Region enum and codes | B34: Proposed here | C34: SNOMED and UBERON identifiers are proposed and UNVERIFIED. They are not a source of codes.
A36: HOW TO READ THE FLAGS
A37: BLOCKING | C37: A real defect. Do not build against this row until it is resolved.
A38: OPEN | C38: A decision is needed but the row is usable with the decision recorded.
A39: none | C39: Clean. UCUM maps, LOINC property agrees with the unit, region assigned.
A40: UNVERIFIED | C40: A code nobody has signed off yet. Not the same as a code that is wrong, and not the same as one that is right.

Sheet Anchor_Core_Set
A1: biomarker_id | B1: name_de | C1: loinc_code | D1: loinc_name | E1: loinc_status | F1: loinc_review_record | G1: unit_source | H1: unit_ucum | I1: ucum_note | J1: organ_mapping_source | K1: region_ids | L1: region_assignment | M1: tier | N1: core_set_rule | O1: source_panel | P1: providers | Q1: provider_count | R1: c3_guideline | S1: c3_guideline_url | T1: blocking_flags | U1: interval_count | V1: interval_availability
A2: BM-001 | B2: 17-Beta-Östradiol | C2: 14715-7 | D2: Estradiol (E2) [Moles/volume] in Serum or Plasma | E2: validated | F2: UNVERIFIED | G2: pmol/l | H2: pmol/L | J2: Reproductive, Endocrine | K2: gonads | L2: ok | M2: core_tier1 | N2: C1 | P2: IMD, Limbach, Meinlabor | Q2: 3 | T2: none | U2: =COUNTIF(Reference_Intervals!$B$2:$B$99,$A2) -> 2 | V2: =IF(U2>0,"interval_on_file","no_interval_abstain") -> interval_on_file
A3: BM-014 | B3: Anti-Müller-Hormon (AMH) | C3: 83104-0 | D3: Mullerian inhibiting substance [Mass/volume] in Serum or Plasma by Immunoassay | E3: validated | F3: UNVERIFIED | G3: ng/ml | H3: ng/mL | J3: Reproductive, Endocrine | K3: gonads | L3: ok | M3: core_tier2 | N3: C1prime | P3: Limbach, Meinlabor | Q3: 2 | R3: NICE NG257 Fertility problems (2026): use AMH measurement as predictor of ovarian response in assisted conception | S3: https://www.nice.org.uk/guidance/ng257 | T3: none | U3: =COUNTIF(Reference_Intervals!$B$2:$B$99,$A3) -> 0 | V3: =IF(U3>0,"interval_on_file","no_interval_abstain") -> no_interval_abstain
A4: BM-057 | B4: Biotin (Vitamin B7) | C4: 1980-2 | D4: Biotin [Mass/volume] in Serum or Plasma | E4: validated | F4: UNVERIFIED | G4: ng/l | H4: ng/L | J4: Nutritional, Systemic | K4: micronutrient_status | L4: ok | M4: core_tier2 | N4: C1prime | P4: IMD, Limbach | Q4: 2 | R4: ESPEN micronutrient guideline Rec 19.2 (via AWMF 073-019 deferral): biotin status by direct blood/urine biotin + biotinidase | S4: https://doi.org/10.1016/j.clnu.2024.01.030 | T4: none | U4: =COUNTIF(Reference_Intervals!$B$2:$B$99,$A4) -> 0 | V4: =IF(U4>0,"interval_on_file","no_interval_abstain") -> no_interval_abstain
A5: BM-060 | B5: Bor | C5: 52914-9 | D5: Boron [Moles/volume] in Serum or Plasma | E5: validated | F5: UNVERIFIED | G5: µg/l | H5: ug/L | I5: Micro sign must be ASCII u in the case sensitive form. | J5: Micronutrient, Systemic | K5: micronutrient_status | L5: ok | M5: core_tier1 | N5: C1 | P5: IMD, Limbach, Meinlabor | Q5: 3 | T5: BLOCKING: LOINC property is molar, unit is mass | U5: =COUNTIF(Reference_Intervals!$B$2:$B$99,$A5) -> 1 | V5: =IF(U5>0,"interval_on_file","no_interval_abstain") -> interval_on_file
A6: BM-063 | B6: Calcium | C6: 2000-8 | D6: Calcium [Moles/volume] in Serum or Plasma | E6: validated | F6: UNVERIFIED | G6: mmol/l | H6: mmol/L | J6: Bone, Mineral Metabolism | K6: bone|electrolyte_balance | L6: ok | M6: core_tier1 | N6: C1 | P6: IMD, Limbach, Meinlabor | Q6: 3 | T6: none | U6: =COUNTIF(Reference_Intervals!$B$2:$B$99,$A6) -> 1 | V6: =IF(U6>0,"interval_on_file","no_interval_abstain") -> interval_on_file
A7: BM-064 | B7: Calprotectin | C7: 38445-3 | D7: Calprotectin [Mass/mass] in Stool | E7: validated | F7: UNVERIFIED | G7: µg/g | H7: ug/g | I7: Micro sign must be ASCII u in the case sensitive form. | J7: Gastrointestinal | K7: gut | L7: ok | M7: core_tier2 | N7: C1prime | P7: IMD, Meinlabor | Q7: 2 | R7: NICE DG11 Faecal calprotectin diagnostic tests for inflammatory diseases of the bowel | S7: https://www.nice.org.uk/guidance/dg11 | T7: none | U7: =COUNTIF(Reference_Intervals!$B$2:$B$99,$A7) -> 1 | V7: =IF(U7>0,"interval_on_file","no_interval_abstain") -> interval_on_file
A8: BM-072 | B8: Cholesterin (gesamt) | C8: 2093-3 | D8: Cholesterol [Mass/volume] in Serum or Plasma | E8: validated | F8: UNVERIFIED | G8: mg/dl | H8: mg/dL | J8: Cardiometabolic, Hepatic | K8: lipid_transport|vasculature|liver | L8: ok | M8: core_tier1 | N8: C1 | P8: IMD, Limbach, Meinlabor | Q8: 3 | T8: none | U8: =COUNTIF(Reference_Intervals!$B$2:$B$99,$A8) -> 1 | V8: =IF(U8>0,"interval_on_file","no_interval_abstain") -> interval_on_file
A9: BM-077 | B9: Cortisol | C9: 2143-6 | D9: Cortisol [Mass/volume] in Serum or Plasma | E9: validated | F9: UNVERIFIED | G9: ng/ml | H9: ng/mL | J9: Adrenal, Endocrine | K9: adrenal | L9: ok | M9: core_tier1 | N9: C1 | P9: IMD, Limbach, Meinlabor | Q9: 3 | T9: none | U9: =COUNTIF(Reference_Intervals!$B$2:$B$99,$A9) -> 2 | V9: =IF(U9>0,"interval_on_file","no_interval_abstain") -> interval_on_file
A10: BM-078 | B10: Creatinkinase (CK) | C10: 2157-6 | D10: Creatine kinase [Enzymatic activity/volume] in Serum or Plasma | E10: validated | F10: UNVERIFIED | G10: U/l | H10: U/L | J10: Musculoskeletal | K10: skeletal_muscle | L10: ok | M10: core_tier2 | N10: C1prime | P10: Limbach, Meinlabor | Q10: 2 | R10: NICE NG238 CVD risk / lipid modification: measure creatine kinase before/on statin if unexplained muscle symptoms | S10: https://www.nice.org.uk/guidance/ng238 | T10: none | U10: =COUNTIF(Reference_Intervals!$B$2:$B$99,$A10) -> 0 | V10: =IF(U10>0,"interval_on_file","no_interval_abstain") -> no_interval_abstain
A11: BM-079 | B11: CRP (hochsensitiv) | C11: 30522-7 | D11: C reactive protein [Mass/volume] in Serum or Plasma by High sensitivity method | E11: validated | F11: UNVERIFIED | G11: mg/l | H11: mg/L | J11: Systemic Inflammation | K11: systemic_inflammation | L11: ok | M11: core_tier1 | N11: C1 | P11: IMD, Limbach, Meinlabor | Q11: 3 | T11: none | U11: =COUNTIF(Reference_Intervals!$B$2:$B$99,$A11) -> 1 | V11: =IF(U11>0,"interval_on_file","no_interval_abstain") -> interval_on_file
A12: BM-087 | B12: DHEA-S | C12: 2191-5 | D12: Dehydroepiandrosterone sulfate [Mass/volume] in Serum or Plasma | E12: validated | F12: UNVERIFIED | G12: ng/ml | H12: ng/mL | J12: Adrenal | K12: adrenal | L12: ok | M12: core_tier1 | N12: C1 | P12: IMD, Limbach, Meinlabor | Q12: 3 | T12: none | U12: =COUNTIF(Reference_Intervals!$B$2:$B$99,$A12) -> 3 | V12: =IF(U12>0,"interval_on_file","no_interval_abstain") -> interval_on_file
A13: BM-107 | B13: Ferritin | C13: 2276-4 | D13: Ferritin [Mass/volume] in Serum or Plasma | E13: validated | F13: UNVERIFIED | G13: ng/ml | H13: ng/mL | J13: Hematologic, Nutritional | K13: bone_marrow_blood|micronutrient_status | L13: ok | M13: core_tier1 | N13: C1 | P13: IMD, Limbach, Meinlabor | Q13: 3 | T13: none | U13: =COUNTIF(Reference_Intervals!$B$2:$B$99,$A13) -> 2 | V13: =IF(U13>0,"interval_on_file","no_interval_abstain") -> interval_on_file
A14: BM-111 | B14: Folsäure (Vitamin B9) | C14: 2284-8 | D14: Folate [Mass/volume] in Serum or Plasma | E14: validated | F14: UNVERIFIED | G14: ng/ml | H14: ng/mL | J14: Nutritional, Systemic | K14: micronutrient_status | L14: ok | M14: core_tier1 | N14: C1 | P14: IMD, Limbach, Meinlabor | Q14: 3 | T14: none | U14: =COUNTIF(Reference_Intervals!$B$2:$B$99,$A14) -> 1 | V14: =IF(U14>0,"interval_on_file","no_interval_abstain") -> interval_on_file
A15: BM-114 | B15: freies T3 (FT3) | C15: 3051-0 | D15: Triiodothyronine (T3) Free [Mass/volume] in Serum or Plasma | E15: validated | F15: UNVERIFIED | G15: pg/ml | H15: pg/mL | J15: Thyroid | K15: thyroid | L15: ok | M15: core_tier1 | N15: C1 | P15: IMD, Limbach, Meinlabor | Q15: 3 | T15: none | U15: =COUNTIF(Reference_Intervals!$B$2:$B$99,$A15) -> 1 | V15: =IF(U15>0,"interval_on_file","no_interval_abstain") -> interval_on_file
A16: BM-115 | B16: freies T4 (FT4) | C16: 3024-7 | D16: Thyroxine (T4) free [Mass/volume] in Serum or Plasma | E16: validated | F16: UNVERIFIED | G16: pg/ml | H16: pg/mL | J16: Thyroid | K16: thyroid | L16: ok | M16: core_tier1 | N16: C1 | P16: IMD, Limbach, Meinlabor | Q16: 3 | T16: none | U16: =COUNTIF(Reference_Intervals!$B$2:$B$99,$A16) -> 1 | V16: =IF(U16>0,"interval_on_file","no_interval_abstain") -> interval_on_file
A17: BM-119 | B17: FSH | C17: 15067-2 | D17: Follitropin [Units/volume] in Serum or Plasma | E17: validated | F17: UNVERIFIED | G17: U/l | H17: U/L | J17: Pituitary, Reproductive | K17: pituitary|gonads | L17: ok | M17: core_tier2 | N17: C1prime | P17: IMD, Meinlabor | Q17: 2 | R17: NICE NG257: offer blood test to measure serum gonadotrophins (FSH and LH) in irregular cycles | S17: https://www.nice.org.uk/guidance/ng257 | T17: none | U17: =COUNTIF(Reference_Intervals!$B$2:$B$99,$A17) -> 2 | V17: =IF(U17>0,"interval_on_file","no_interval_abstain") -> interval_on_file
A18: BM-123 | B18: Gamma-GT (GGT) | C18: 2324-2 | D18: Gamma glutamyl transferase [Enzymatic activity/volume] in Serum or Plasma | E18: validated | F18: UNVERIFIED | G18: U/l | H18: U/L | J18: Hepatobiliary | K18: liver|biliary | L18: ok | M18: core_tier1 | N18: C1 | P18: IMD, Limbach, Meinlabor | Q18: 3 | T18: none | U18: =COUNTIF(Reference_Intervals!$B$2:$B$99,$A18) -> 2 | V18: =IF(U18>0,"interval_on_file","no_interval_abstain") -> interval_on_file
A19: BM-125 | B19: Gesamteiweiß | C19: 2885-2 | D19: Protein [Mass/volume] in Serum or Plasma | E19: validated | F19: UNVERIFIED | G19: g/l | H19: g/L | J19: Systemic | K19: liver | L19: override_applied | M19: core_tier2 | N19: C1prime | P19: IMD, Limbach | Q19: 2 | R19: AWMF 021-021 S2k Zöliakie: screen for Eiweiß (Hypoproteinämie) among deficiency parameters | S19: https://register.awmf.org/de/leitlinien/detail/021-021 | T19: NOTE: region assigned by override, confirm | U19: =COUNTIF(Reference_Intervals!$B$2:$B$99,$A19) -> 2 | V19: =IF(U19>0,"interval_on_file","no_interval_abstain") -> interval_on_file
A20: BM-128 | B20: Glukose | C20: 1558-6 | D20: Fasting glucose [Mass/volume] in Serum or Plasma | E20: validated | F20: UNVERIFIED | G20: mg/dl | H20: mg/dL | J20: Metabolic | K20: metabolic_glycemic | L20: override_applied | M20: core_tier1 | N20: C1 | P20: IMD, Limbach, Meinlabor | Q20: 3 | T20: NOTE: region assigned by override, confirm | U20: =COUNTIF(Reference_Intervals!$B$2:$B$99,$A20) -> 1 | V20: =IF(U20>0,"interval_on_file","no_interval_abstain") -> interval_on_file
A21: BM-130 | B21: GOT (ASAT) | C21: 1920-8 | D21: Aspartate aminotransferase [Enzymatic activity/volume] in Serum or Plasma | E21: validated | F21: UNVERIFIED | G21: U/l | H21: U/L | J21: Hepatic, Musculoskeletal | K21: liver|skeletal_muscle | L21: ok | M21: core_tier1 | N21: C1 | P21: IMD, Limbach, Meinlabor | Q21: 3 | T21: none | U21: =COUNTIF(Reference_Intervals!$B$2:$B$99,$A21) -> 0 | V21: =IF(U21>0,"interval_on_file","no_interval_abstain") -> no_interval_abstain
A22: BM-132 | B22: GPT (ALAT) | C22: 1742-6 | D22: Alanine aminotransferase [Enzymatic activity/volume] in Serum or Plasma | E22: validated | F22: UNVERIFIED | G22: U/l | H22: U/L | J22: Hepatic | K22: liver | L22: ok | M22: core_tier1 | N22: C1 | P22: IMD, Limbach, Meinlabor | Q22: 3 | T22: none | U22: =COUNTIF(Reference_Intervals!$B$2:$B$99,$A22) -> 2 | V22: =IF(U22>0,"interval_on_file","no_interval_abstain") -> interval_on_file
A23: BM-136 | B23: Harnsäure | C23: 3084-1 | D23: Urate [Mass/volume] in Serum or Plasma | E23: validated | F23: UNVERIFIED | G23: mg/dl | H23: mg/dL | J23: Renal, Metabolic | K23: kidney | L23: NEEDS_DECISION | M23: core_tier2 | N23: C1prime | P23: Limbach, Meinlabor | Q23: 2 | R23: NICE NG219 Gout: measure serum urate to confirm diagnosis and for ULT monitoring | S23: https://www.nice.org.uk/guidance/ng219 | T23: OPEN: region assignment needs a decision | U23: =COUNTIF(Reference_Intervals!$B$2:$B$99,$A23) -> 2 | V23: =IF(U23>0,"interval_on_file","no_interval_abstain") -> interval_on_file
A24: BM-139 | B24: HbA1c | C24: 4548-4 | D24: Hemoglobin A1c/Hemoglobin.total in Blood | E24: validated | F24: UNVERIFIED | G24: % | H24: % | I24: Valid only because the LOINC term is itself a ratio. | J24: Metabolic, Pancreatic | K24: metabolic_glycemic | L24: override_applied | M24: core_tier1 | N24: C1 | P24: IMD, Limbach, Meinlabor | Q24: 3 | T24: NOTE: region assigned by override, confirm | U24: =COUNTIF(Reference_Intervals!$B$2:$B$99,$A24) -> 1 | V24: =IF(U24>0,"interval_on_file","no_interval_abstain") -> interval_on_file
A25: BM-140 | B25: HDL-Cholesterin | C25: 2085-9 | D25: Cholesterol in HDL [Mass/volume] in Serum or Plasma | E25: validated | F25: UNVERIFIED | G25: mg/dl | H25: mg/dL | J25: Cardiometabolic, Hepatic | K25: lipid_transport|vasculature|liver | L25: ok | M25: core_tier1 | N25: C1 | P25: IMD, Limbach, Meinlabor | Q25: 3 | T25: none | U25: =COUNTIF(Reference_Intervals!$B$2:$B$99,$A25) -> 2 | V25: =IF(U25>0,"interval_on_file","no_interval_abstain") -> interval_on_file
A26: BM-154 | B26: Holotranscobalamin (aktives B12) | C26: 72160-5 | D26: Holo-transcobalamin II [Moles/volume] in Serum | E26: validated | F26: UNVERIFIED | G26: pmol/l | H26: pmol/L | J26: Hematologic, Nutritional | K26: bone_marrow_blood|micronutrient_status | L26: ok | M26: core_tier1 | N26: C1 | P26: IMD, Limbach, Meinlabor | Q26: 3 | T26: none | U26: =COUNTIF(Reference_Intervals!$B$2:$B$99,$A26) -> 0 | V26: =IF(U26>0,"interval_on_file","no_interval_abstain") -> no_interval_abstain
A27: BM-156 | B27: Homocystein | C27: 13965-9 | D27: Homocysteine [Moles/volume] in Serum or Plasma | E27: validated | F27: UNVERIFIED | G27: µmol/l | H27: umol/L | I27: Micro sign must be ASCII u in the case sensitive form. | J27: Metabolic | K27: micronutrient_status | L27: override_applied | M27: core_tier2 | N27: C1prime | P27: IMD, Limbach | Q27: 2 | R27: NICE NG239 Vitamin B12 deficiency: measure plasma homocysteine | S27: https://www.nice.org.uk/guidance/ng239 | T27: NOTE: region assigned by override, confirm | U27: =COUNTIF(Reference_Intervals!$B$2:$B$99,$A27) -> 0 | V27: =IF(U27>0,"interval_on_file","no_interval_abstain") -> no_interval_abstain
A28: BM-176 | B28: Jod | C28: 2494-3 | D28: Iodine [Mass/volume] in Serum or Plasma | E28: validated | F28: UNVERIFIED | G28: µg/l | H28: ug/L | I28: Micro sign must be ASCII u in the case sensitive form. | J28: Micronutrient, Systemic | K28: micronutrient_status | L28: ok | M28: core_tier1 | N28: C1 | P28: IMD, Limbach, Meinlabor | Q28: 3 | T28: none | U28: =COUNTIF(Reference_Intervals!$B$2:$B$99,$A28) -> 0 | V28: =IF(U28>0,"interval_on_file","no_interval_abstain") -> no_interval_abstain
A29: BM-177 | B29: Kalium | C29: 2823-3 | D29: Potassium [Moles/volume] in Serum or Plasma | E29: validated | F29: UNVERIFIED | G29: mmol/l | H29: mmol/L | J29: Renal, Electrolyte Balance | K29: kidney|electrolyte_balance | L29: ok | M29: core_tier1 | N29: C1 | P29: IMD, Limbach, Meinlabor | Q29: 3 | T29: none | U29: =COUNTIF(Reference_Intervals!$B$2:$B$99,$A29) -> 1 | V29: =IF(U29>0,"interval_on_file","no_interval_abstain") -> interval_on_file
A30: BM-186 | B30: Kupfer | C30: 14665-4 | D30: Copper [Moles/volume] in Serum or Plasma | E30: validated | F30: UNVERIFIED | G30: µg/l | H30: ug/L | I30: Micro sign must be ASCII u in the case sensitive form. | J30: Micronutrient, Systemic | K30: micronutrient_status | L30: ok | M30: core_tier1 | N30: C1 | P30: IMD, Limbach, Meinlabor | Q30: 3 | T30: BLOCKING: LOINC property is molar, unit is mass | U30: =COUNTIF(Reference_Intervals!$B$2:$B$99,$A30) -> 0 | V30: =IF(U30>0,"interval_on_file","no_interval_abstain") -> no_interval_abstain
A31: BM-190 | B31: LDL-Cholesterin | C31: 2089-1 | D31: Cholesterol in LDL [Mass/volume] in Serum or Plasma | E31: validated | F31: UNVERIFIED | G31: mg/dl | H31: mg/dL | J31: Cardiometabolic, Hepatic | K31: lipid_transport|vasculature|liver | L31: ok | M31: core_tier1 | N31: C1 | P31: IMD, Limbach, Meinlabor | Q31: 3 | T31: none | U31: =COUNTIF(Reference_Intervals!$B$2:$B$99,$A31) -> 5 | V31: =IF(U31>0,"interval_on_file","no_interval_abstain") -> interval_on_file
A32: BM-197 | B32: LH | C32: 10501-5 | D32: Lutropin [Units/volume] in Serum or Plasma | E32: validated | F32: UNVERIFIED | G32: U/l | H32: U/L | J32: Pituitary, Reproductive | K32: pituitary|gonads | L32: ok | M32: core_tier2 | N32: C1prime | P32: IMD, Meinlabor | Q32: 2 | R32: NICE NG257: offer blood test to measure serum gonadotrophins (FSH and LH) in irregular cycles | S32: https://www.nice.org.uk/guidance/ng257 | T32: none | U32: =COUNTIF(Reference_Intervals!$B$2:$B$99,$A32) -> 2 | V32: =IF(U32>0,"interval_on_file","no_interval_abstain") -> interval_on_file
A33: BM-200 | B33: Lipoprotein (a) | C33: 10835-7 | D33: Lipoprotein a [Mass/volume] in Serum or Plasma | E33: validated | F33: UNVERIFIED | G33: mg/dl | H33: mg/dL | J33: Cardiometabolic, Hepatic | K33: lipid_transport|vasculature|liver | L33: ok | M33: core_tier1 | N33: C1 | P33: IMD, Limbach, Meinlabor | Q33: 3 | T33: none | U33: =COUNTIF(Reference_Intervals!$B$2:$B$99,$A33) -> 0 | V33: =IF(U33>0,"interval_on_file","no_interval_abstain") -> no_interval_abstain
A34: BM-258 | B34: Magnesium | C34: 2601-3 | D34: Magnesium [Moles/volume] in Serum or Plasma | E34: validated | F34: UNVERIFIED | G34: mmol/l | H34: mmol/L | J34: Metabolic, Neuromuscular | K34: electrolyte_balance | L34: override_applied | M34: core_tier1 | N34: C1 | P34: IMD, Limbach, Meinlabor | Q34: 3 | T34: NOTE: region assigned by override, confirm | U34: =COUNTIF(Reference_Intervals!$B$2:$B$99,$A34) -> 1 | V34: =IF(U34>0,"interval_on_file","no_interval_abstain") -> interval_on_file
A35: BM-286 | B35: Natrium | C35: 2951-2 | D35: Sodium [Moles/volume] in Serum or Plasma | E35: validated | F35: UNVERIFIED | G35: mmol/l | H35: mmol/L | J35: Renal, Electrolyte Balance | K35: kidney|electrolyte_balance | L35: ok | M35: core_tier1 | N35: C1 | P35: IMD, Limbach, Meinlabor | Q35: 3 | T35: none | U35: =COUNTIF(Reference_Intervals!$B$2:$B$99,$A35) -> 1 | V35: =IF(U35>0,"interval_on_file","no_interval_abstain") -> interval_on_file
A36: BM-299 | B36: Parathormon (PTH) | C36: 2731-8 | D36: Parathyrin.intact [Mass/volume] in Serum or Plasma | E36: validated | F36: UNVERIFIED | G36: pg/ml | H36: pg/mL | J36: Parathyroid, Bone | K36: parathyroid|bone | L36: ok | M36: core_tier1 | N36: C1 | P36: IMD, Limbach, Meinlabor | Q36: 3 | T36: none | U36: =COUNTIF(Reference_Intervals!$B$2:$B$99,$A36) -> 0 | V36: =IF(U36>0,"interval_on_file","no_interval_abstain") -> no_interval_abstain
A37: BM-311 | B37: Progesteron | C37: 14890-8 | D37: Progesterone [Moles/volume] in Serum or Plasma | E37: validated | F37: UNVERIFIED | G37: nmol/l | H37: nmol/L | J37: Reproductive, Endocrine | K37: gonads | L37: ok | M37: core_tier1 | N37: C1 | P37: IMD, Limbach, Meinlabor | Q37: 3 | T37: none | U37: =COUNTIF(Reference_Intervals!$B$2:$B$99,$A37) -> 1 | V37: =IF(U37>0,"interval_on_file","no_interval_abstain") -> interval_on_file
A38: BM-312 | B38: Prolaktin | C38: 2842-3 | D38: Prolactin [Mass/volume] in Serum or Plasma | E38: validated | F38: UNVERIFIED | G38: µg/l | H38: ug/L | I38: Micro sign must be ASCII u in the case sensitive form. | J38: Pituitary, Reproductive | K38: pituitary|gonads | L38: ok | M38: core_tier2 | N38: C1prime | P38: IMD, Meinlabor | Q38: 2 | R38: NICE NG257: measure prolactin when ovulatory disorder, galactorrhoea, or suspected pituitary tumour | S38: https://www.nice.org.uk/guidance/ng257 | T38: none | U38: =COUNTIF(Reference_Intervals!$B$2:$B$99,$A38) -> 2 | V38: =IF(U38>0,"interval_on_file","no_interval_abstain") -> interval_on_file
A39: BM-315 | B39: PSA | C39: 2857-1 | D39: Prostate specific Ag [Mass/volume] in Serum or Plasma | E39: validated | F39: UNVERIFIED | G39: ng/ml | H39: ng/mL | J39: Prostate | K39: prostate | L39: ok | M39: core_tier2 | N39: C1prime | P39: Limbach, Meinlabor | Q39: 2 | R39: NICE NG131 Prostate cancer: measure PSA for diagnosis pathway, active surveillance, and follow-up | S39: https://www.nice.org.uk/guidance/ng131 | T39: none | U39: =COUNTIF(Reference_Intervals!$B$2:$B$99,$A39) -> 0 | V39: =IF(U39>0,"interval_on_file","no_interval_abstain") -> no_interval_abstain
A40: BM-341 | B40: Selen | C40: 5724-0 | D40: Selenium [Mass/volume] in Serum or Plasma | E40: validated | F40: UNVERIFIED | G40: µg/l | H40: ug/L | I40: Micro sign must be ASCII u in the case sensitive form. | J40: Micronutrient, Systemic | K40: micronutrient_status | L40: ok | M40: core_tier1 | N40: C1 | P40: IMD, Limbach, Meinlabor | Q40: 3 | T40: none | U40: =COUNTIF(Reference_Intervals!$B$2:$B$99,$A40) -> 0 | V40: =IF(U40>0,"interval_on_file","no_interval_abstain") -> no_interval_abstain
A41: BM-346 | B41: SHBG | C41: 13967-5 | D41: Sex hormone binding globulin [Moles/volume] in Serum or Plasma | E41: validated | F41: UNVERIFIED | G41: nmol/l | H41: nmol/L | J41: Hepatic, Endocrine | K41: liver | L41: ok | M41: core_tier1 | N41: C1 | P41: IMD, Limbach, Meinlabor | Q41: 3 | T41: none | U41: =COUNTIF(Reference_Intervals!$B$2:$B$99,$A41) -> 0 | V41: =IF(U41>0,"interval_on_file","no_interval_abstain") -> no_interval_abstain
A42: BM-358 | B42: Testosteron (gesamt) | C42: 14913-8 | D42: Testosterone [Moles/volume] in Serum or Plasma | E42: validated | F42: UNVERIFIED | G42: nmol/l | H42: nmol/L | J42: Reproductive, Endocrine | K42: gonads | L42: ok | M42: core_tier1 | N42: C1 | P42: IMD, Limbach, Meinlabor | Q42: 3 | T42: none | U42: =COUNTIF(Reference_Intervals!$B$2:$B$99,$A42) -> 2 | V42: =IF(U42>0,"interval_on_file","no_interval_abstain") -> interval_on_file
A43: BM-383 | B43: Triglyceride | C43: 2571-8 | D43: Triglyceride [Mass/volume] in Serum or Plasma | E43: validated | F43: UNVERIFIED | G43: mg/dl | H43: mg/dL | J43: Cardiometabolic, Hepatic | K43: lipid_transport|vasculature|liver | L43: ok | M43: core_tier1 | N43: C1 | P43: IMD, Limbach, Meinlabor | Q43: 3 | T43: none | U43: =COUNTIF(Reference_Intervals!$B$2:$B$99,$A43) -> 1 | V43: =IF(U43>0,"interval_on_file","no_interval_abstain") -> interval_on_file
A44: BM-386 | B44: TSH | C44: 3016-3 | D44: Thyrotropin [Units/volume] in Serum or Plasma | E44: validated | F44: UNVERIFIED | G44: mIU/l | H44: m[IU]/L | I44: IU is a UCUM special unit. Square brackets are mandatory. | J44: Pituitary, Thyroid Axis | K44: pituitary|thyroid | L44: ok | M44: core_tier1 | N44: C1 | P44: IMD, Limbach, Meinlabor | Q44: 3 | T44: none | U44: =COUNTIF(Reference_Intervals!$B$2:$B$99,$A44) -> 1 | V44: =IF(U44>0,"interval_on_file","no_interval_abstain") -> interval_on_file
A45: BM-392 | B45: Vitamin A | C45: 2923-1 | D45: Retinol [Mass/volume] in Serum or Plasma | E45: validated | F45: UNVERIFIED | G45: µg/l | H45: ug/L | I45: Micro sign must be ASCII u in the case sensitive form. | J45: Nutritional, Systemic | K45: micronutrient_status | L45: ok | M45: core_tier2 | N45: C1prime | P45: IMD, Limbach | Q45: 2 | R45: WHO NMH/NHD/MNM/11.3 serum retinol; ESPEN Rec 22.2: determine status by measuring serum retinol | S45: https://www.who.int/publications/i/item/WHO-NMH-NHD-MNM-11.3 | T45: none | U45: =COUNTIF(Reference_Intervals!$B$2:$B$99,$A45) -> 0 | V45: =IF(U45>0,"interval_on_file","no_interval_abstain") -> no_interval_abstain
A46: BM-393 | B46: Vitamin B1 (Thiamin) | C46: 2998-3 | D46: Thiamine [Mass/volume] in Blood | E46: validated | F46: UNVERIFIED | G46: µg/l | H46: ug/L | I46: Micro sign must be ASCII u in the case sensitive form. | J46: Nutritional, Systemic | K46: micronutrient_status | L46: ok | M46: core_tier2 | N46: C1prime | P46: IMD, Limbach | Q46: 2 | R46: ESPEN micronutrient guideline Rec 14.2 (via AWMF 073-019): thiamine status by RBC/whole-blood ThDP | S46: https://doi.org/10.1016/j.clnu.2024.01.030 | T46: none | U46: =COUNTIF(Reference_Intervals!$B$2:$B$99,$A46) -> 0 | V46: =IF(U46>0,"interval_on_file","no_interval_abstain") -> no_interval_abstain
A47: BM-394 | B47: Vitamin B12 | C47: 2132-9 | D47: Cobalamins [Mass/volume] in Serum or Plasma | E47: validated | F47: UNVERIFIED | G47: pg/ml | H47: pg/mL | J47: Nutritional, Systemic | K47: micronutrient_status | L47: ok | M47: core_tier2 | N47: C1prime | P47: IMD, Meinlabor | Q47: 2 | R47: NICE NG239: use total B12 or active B12 as initial diagnostic test | S47: https://www.nice.org.uk/guidance/ng239 | T47: none | U47: =COUNTIF(Reference_Intervals!$B$2:$B$99,$A47) -> 1 | V47: =IF(U47>0,"interval_on_file","no_interval_abstain") -> interval_on_file
A48: BM-395 | B48: Vitamin B2 (Riboflavin) | C48: 2924-9 | D48: Riboflavin [Mass/volume] in Serum or Plasma | E48: validated | F48: UNVERIFIED | G48: µg/l | H48: ug/L | I48: Micro sign must be ASCII u in the case sensitive form. | J48: Nutritional, Systemic | K48: micronutrient_status | L48: ok | M48: core_tier1 | N48: C1 | P48: IMD, Limbach, Meinlabor | Q48: 3 | T48: none | U48: =COUNTIF(Reference_Intervals!$B$2:$B$99,$A48) -> 0 | V48: =IF(U48>0,"interval_on_file","no_interval_abstain") -> no_interval_abstain
A49: BM-397 | B49: Vitamin B5 (Pantothensäure) | C49: 2722-7 | D49: Pantothenate [Mass/volume] in Serum or Plasma or Blood | E49: validated | F49: UNVERIFIED | G49: µg/l | H49: ug/L | I49: Micro sign must be ASCII u in the case sensitive form. | J49: Nutritional, Systemic | K49: micronutrient_status | L49: ok | M49: core_tier2 | N49: C1prime | P49: IMD, Limbach | Q49: 2 | R49: ESPEN micronutrient guideline Rec 17 (via AWMF 073-019): pantothenic acid shall be determined in blood | S49: https://doi.org/10.1016/j.clnu.2024.01.030 | T49: none | U49: =COUNTIF(Reference_Intervals!$B$2:$B$99,$A49) -> 0 | V49: =IF(U49>0,"interval_on_file","no_interval_abstain") -> no_interval_abstain
A50: BM-398 | B50: Vitamin B6 | C50: 30552-4 | D50: Pyridoxal phosphate [Mass/volume] in Serum or Plasma | E50: validated | F50: UNVERIFIED | G50: µg/l | H50: ug/L | I50: Micro sign must be ASCII u in the case sensitive form. | J50: Nutritional, Systemic | K50: micronutrient_status | L50: ok | M50: core_tier2 | N50: C1prime | P50: IMD, Limbach | Q50: 2 | R50: AWMF 021-021 Zöliakie (Vitamin B6 deficiency screen); ESPEN Rec 18.2: status by plasma PLP | S50: https://register.awmf.org/de/leitlinien/detail/021-021 | T50: none | U50: =COUNTIF(Reference_Intervals!$B$2:$B$99,$A50) -> 0 | V50: =IF(U50>0,"interval_on_file","no_interval_abstain") -> no_interval_abstain
A51: BM-401 | B51: Vitamin D (25-OH) | C51: 1989-3 | D51: Calcidiol [Mass/volume] in Serum or Plasma | E51: validated | F51: UNVERIFIED | G51: ng/ml | H51: ng/mL | J51: Bone, Endocrine | K51: bone | L51: ok | M51: core_tier1 | N51: C1 | P51: IMD, Limbach, Meinlabor | Q51: 3 | T51: none | U51: =COUNTIF(Reference_Intervals!$B$2:$B$99,$A51) -> 0 | V51: =IF(U51>0,"interval_on_file","no_interval_abstain") -> no_interval_abstain
A52: BM-404 | B52: Vitamin E | C52: 1823-4 | D52: Alpha tocopherol [Mass/volume] in Serum or Plasma | E52: validated | F52: UNVERIFIED | G52: mg/l | H52: mg/L | J52: Nutritional, Systemic | K52: micronutrient_status | L52: ok | M52: core_tier2 | N52: C1prime | P52: IMD, Limbach | Q52: 2 | R52: ESPEN micronutrient guideline Rec 25.2 (via AWMF 073-019): measure plasma α-tocopherol | S52: https://doi.org/10.1016/j.clnu.2024.01.030 | T52: none | U52: =COUNTIF(Reference_Intervals!$B$2:$B$99,$A52) -> 0 | V52: =IF(U52>0,"interval_on_file","no_interval_abstain") -> no_interval_abstain
A53: BM-405 | B53: Vitamin K | C53: 58793-1 | D53: Phytonadione [Moles/volume] in Serum or Plasma | E53: validated | F53: UNVERIFIED | G53: ng/l | H53: ng/L | J53: Nutritional, Systemic | K53: micronutrient_status | L53: ok | M53: core_tier2 | N53: C1prime | P53: IMD, Limbach | Q53: 2 | R53: ESPEN micronutrient guideline Rec 26 (via AWMF 073-019): vitamin K status may be measured in at-risk patients | S53: https://doi.org/10.1016/j.clnu.2024.01.030 | T53: BLOCKING: LOINC property is molar, unit is mass | U53: =COUNTIF(Reference_Intervals!$B$2:$B$99,$A53) -> 0 | V53: =IF(U53>0,"interval_on_file","no_interval_abstain") -> no_interval_abstain
A54: BM-411 | B54: Zink | C54: 5763-8 | D54: Zinc [Mass/volume] in Serum or Plasma | E54: validated | F54: UNVERIFIED | G54: µg/l | H54: ug/L | I54: Micro sign must be ASCII u in the case sensitive form. | J54: Micronutrient, Systemic | K54: micronutrient_status | L54: ok | M54: core_tier1 | N54: C1 | P54: IMD, Limbach, Meinlabor | Q54: 3 | T54: none | U54: =COUNTIF(Reference_Intervals!$B$2:$B$99,$A54) -> 0 | V54: =IF(U54>0,"interval_on_file","no_interval_abstain") -> no_interval_abstain
A55: BM-423 | B55: Hämoglobin | C55: 718-7 | D55: Hemoglobin [Mass/volume] in Blood | E55: validated | F55: UNVERIFIED | G55: g/dl | H55: g/dL | J55: Hematologic | K55: bone_marrow_blood | L55: ok | M55: core_tier1_decomposed | N55: C1 | O55: Großes Blutbild | P55: IMD, Limbach, Meinlabor | Q55: 3 | T55: none | U55: =COUNTIF(Reference_Intervals!$B$2:$B$99,$A55) -> 0 | V55: =IF(U55>0,"interval_on_file","no_interval_abstain") -> no_interval_abstain
A56: BM-424 | B56: Hämatokrit | C56: 4544-3 | D56: Hematocrit [Volume Fraction] of Blood by Automated count | E56: validated | F56: UNVERIFIED | G56: % | H56: % | I56: Valid only because the LOINC term is itself a ratio. | J56: Hematologic | K56: bone_marrow_blood | L56: ok | M56: core_tier1_decomposed | N56: C1 | O56: Großes Blutbild | P56: IMD, Limbach, Meinlabor | Q56: 3 | T56: none | U56: =COUNTIF(Reference_Intervals!$B$2:$B$99,$A56) -> 0 | V56: =IF(U56>0,"interval_on_file","no_interval_abstain") -> no_interval_abstain
A57: BM-425 | B57: Erythrozyten | C57: 789-8 | D57: Erythrocytes [#/volume] in Blood by Automated count | E57: validated | F57: UNVERIFIED | G57: T/l | H57: 10*12/L | I57: German T/l (Tera per litre). T/L would be tesla per litre. | J57: Hematologic | K57: bone_marrow_blood | L57: ok | M57: core_tier1_decomposed | N57: C1 | O57: Großes Blutbild | P57: IMD, Limbach, Meinlabor | Q57: 3 | T57: none | U57: =COUNTIF(Reference_Intervals!$B$2:$B$99,$A57) -> 0 | V57: =IF(U57>0,"interval_on_file","no_interval_abstain") -> no_interval_abstain
A58: BM-426 | B58: Leukozyten | C58: 6690-2 | D58: Leukocytes [#/volume] in Blood by Automated count | E58: validated | F58: UNVERIFIED | G58: G/l | H58: 10*9/L | I58: German G/l (Giga per litre). G/L would be gauss per litre. | J58: Immune, Hematologic | K58: immune|bone_marrow_blood | L58: ok | M58: core_tier1_decomposed | N58: C1 | O58: Großes Blutbild | P58: IMD, Limbach, Meinlabor | Q58: 3 | T58: none | U58: =COUNTIF(Reference_Intervals!$B$2:$B$99,$A58) -> 0 | V58: =IF(U58>0,"interval_on_file","no_interval_abstain") -> no_interval_abstain
A59: BM-427 | B59: Thrombozyten | C59: 777-3 | D59: Platelets [#/volume] in Blood by Automated count | E59: validated | F59: UNVERIFIED | G59: G/l | H59: 10*9/L | I59: German G/l (Giga per litre). G/L would be gauss per litre. | J59: Hematologic | K59: bone_marrow_blood | L59: ok | M59: core_tier1_decomposed | N59: C1 | O59: Großes Blutbild | P59: IMD, Limbach, Meinlabor | Q59: 3 | T59: none | U59: =COUNTIF(Reference_Intervals!$B$2:$B$99,$A59) -> 0 | V59: =IF(U59>0,"interval_on_file","no_interval_abstain") -> no_interval_abstain
A60: BM-428 | B60: MCV | C60: 787-2 | D60: Erythrocyte mean corpuscular volume [Entitic volume] by Automated count | E60: validated | F60: UNVERIFIED | G60: fl | H60: fL | I60: UCUM is case sensitive. Lowercase fl is not femtolitre. | J60: Hematologic | K60: bone_marrow_blood | L60: ok | M60: core_tier1_decomposed | N60: C1 | O60: Großes Blutbild | P60: IMD, Limbach, Meinlabor | Q60: 3 | T60: none | U60: =COUNTIF(Reference_Intervals!$B$2:$B$99,$A60) -> 0 | V60: =IF(U60>0,"interval_on_file","no_interval_abstain") -> no_interval_abstain
A61: BM-429 | B61: MCH | C61: 785-6 | D61: Erythrocyte mean corpuscular hemoglobin [Entitic mass] by Automated count | E61: validated | F61: UNVERIFIED | G61: pg | H61: pg | J61: Hematologic | K61: bone_marrow_blood | L61: ok | M61: core_tier1_decomposed | N61: C1 | O61: Großes Blutbild | P61: IMD, Limbach, Meinlabor | Q61: 3 | T61: none | U61: =COUNTIF(Reference_Intervals!$B$2:$B$99,$A61) -> 0 | V61: =IF(U61>0,"interval_on_file","no_interval_abstain") -> no_interval_abstain
A62: BM-430 | B62: MCHC | C62: 786-4 | D62: Erythrocyte mean corpuscular hemoglobin concentration [Mass/volume] by Automated count | E62: validated | F62: UNVERIFIED | G62: g/dl | H62: g/dL | J62: Hematologic | K62: bone_marrow_blood | L62: ok | M62: core_tier1_decomposed | N62: C1 | O62: Großes Blutbild | P62: IMD, Limbach, Meinlabor | Q62: 3 | T62: none | U62: =COUNTIF(Reference_Intervals!$B$2:$B$99,$A62) -> 0 | V62: =IF(U62>0,"interval_on_file","no_interval_abstain") -> no_interval_abstain
A63: BM-431 | B63: IgA | C63: 2458-8 | D63: IgA [Mass/volume] in Serum or Plasma | E63: validated | F63: UNVERIFIED | G63: g/l | H63: g/L | J63: Immune | K63: immune | L63: ok | M63: core_tier1_decomposed | N63: C1 | O63: Immunglobuline (IgA/IgG/IgM) | P63: IMD, Limbach, Meinlabor | Q63: 3 | T63: none | U63: =COUNTIF(Reference_Intervals!$B$2:$B$99,$A63) -> 0 | V63: =IF(U63>0,"interval_on_file","no_interval_abstain") -> no_interval_abstain
A64: BM-432 | B64: IgG | C64: 2465-3 | D64: IgG [Mass/volume] in Serum or Plasma | E64: validated | F64: UNVERIFIED | G64: g/l | H64: g/L | J64: Immune | K64: immune | L64: ok | M64: core_tier1_decomposed | N64: C1 | O64: Immunglobuline (IgA/IgG/IgM) | P64: IMD, Limbach, Meinlabor | Q64: 3 | T64: none | U64: =COUNTIF(Reference_Intervals!$B$2:$B$99,$A64) -> 0 | V64: =IF(U64>0,"interval_on_file","no_interval_abstain") -> no_interval_abstain
A65: BM-433 | B65: IgM | C65: 2472-9 | D65: IgM [Mass/volume] in Serum or Plasma | E65: validated | F65: UNVERIFIED | G65: g/l | H65: g/L | J65: Immune | K65: immune | L65: ok | M65: core_tier1_decomposed | N65: C1 | O65: Immunglobuline (IgA/IgG/IgM) | P65: IMD, Limbach, Meinlabor | Q65: 3 | T65: none | U65: =COUNTIF(Reference_Intervals!$B$2:$B$99,$A65) -> 0 | V65: =IF(U65>0,"interval_on_file","no_interval_abstain") -> no_interval_abstain
A66: BM-434 | B66: CTX (Beta-Crosslaps) | C66: 41171-0 | D66: Collagen crosslinked C-telopeptide [Mass/volume] in Serum or Plasma | E66: validated | F66: UNVERIFIED | G66: ng/ml | H66: ng/mL | J66: Bone | K66: bone | L66: ok | M66: core_tier1_decomposed | N66: C1 | O66: Knochen-Crosslinks (CTX/Pyridinoline) | P66: IMD, Limbach, Meinlabor | Q66: 3 | T66: none | U66: =COUNTIF(Reference_Intervals!$B$2:$B$99,$A66) -> 0 | V66: =IF(U66>0,"interval_on_file","no_interval_abstain") -> no_interval_abstain
A67: BM-435 | B67: Desoxypyridinolin (DPD) | C67: 25095-1 | D67: Deoxypyridinoline/Creatinine [Molar ratio] in Urine | E67: validated | F67: UNVERIFIED | G67: nmol/mmol Krea | H67: nmol/mmol | I67: Creatinine normalisation belongs in the LOINC term, not the unit. | J67: Bone | K67: bone | L67: ok | M67: core_tier1_decomposed | N67: C1 | O67: Knochen-Crosslinks (CTX/Pyridinoline) | P67: IMD, Limbach, Meinlabor | Q67: 3 | T67: none | U67: =COUNTIF(Reference_Intervals!$B$2:$B$99,$A67) -> 0 | V67: =IF(U67>0,"interval_on_file","no_interval_abstain") -> no_interval_abstain
A68: BM-436 | B68: Kreatinin | C68: 2160-0 | D68: Creatinine [Mass/volume] in Serum or Plasma | E68: validated | F68: UNVERIFIED | G68: mg/dl | H68: mg/dL | J68: Renal | K68: kidney | L68: ok | M68: core_tier1_decomposed | N68: C1 | O68: Kreatinin / Nierenwerte | P68: IMD, Limbach, Meinlabor | Q68: 3 | T68: none | U68: =COUNTIF(Reference_Intervals!$B$2:$B$99,$A68) -> 0 | V68: =IF(U68>0,"interval_on_file","no_interval_abstain") -> no_interval_abstain

Sheet Region_Enum
A1: region_id | B1: region_kind | C1: label | D1: snomed_body_structure | E1: uberon_id | F1: snomed_review_record | G1: uberon_review_record | H1: markers_mapped
A2: liver | B2: anatomical | C2: Liver | D2: 10200004 | E2: UBERON:0002107 | F2: UNVERIFIED | G2: UNVERIFIED | H2: =SUMPRODUCT(--ISNUMBER(SEARCH("|"&$A2&"|","|"&Anchor_Core_Set!$K$2:$K$68&"|"))) -> 10
A3: biliary | B3: anatomical | C3: Biliary tract | D3: 28273000 | E3: UBERON:0002394 | F3: UNVERIFIED | G3: UNVERIFIED | H3: =SUMPRODUCT(--ISNUMBER(SEARCH("|"&$A3&"|","|"&Anchor_Core_Set!$K$2:$K$68&"|"))) -> 1
A4: kidney | B4: anatomical | C4: Kidney | D4: 64033007 | E4: UBERON:0002113 | F4: UNVERIFIED | G4: UNVERIFIED | H4: =SUMPRODUCT(--ISNUMBER(SEARCH("|"&$A4&"|","|"&Anchor_Core_Set!$K$2:$K$68&"|"))) -> 4
A5: thyroid | B5: anatomical | C5: Thyroid gland | D5: 69748006 | E5: UBERON:0002046 | F5: UNVERIFIED | G5: UNVERIFIED | H5: =SUMPRODUCT(--ISNUMBER(SEARCH("|"&$A5&"|","|"&Anchor_Core_Set!$K$2:$K$68&"|"))) -> 3
A6: parathyroid | B6: anatomical | C6: Parathyroid gland | D6: 111002 | E6: UBERON:0001132 | F6: UNVERIFIED | G6: UNVERIFIED | H6: =SUMPRODUCT(--ISNUMBER(SEARCH("|"&$A6&"|","|"&Anchor_Core_Set!$K$2:$K$68&"|"))) -> 1
A7: pituitary | B7: anatomical | C7: Pituitary gland | D7: 56329008 | E7: UBERON:0000007 | F7: UNVERIFIED | G7: UNVERIFIED | H7: =SUMPRODUCT(--ISNUMBER(SEARCH("|"&$A7&"|","|"&Anchor_Core_Set!$K$2:$K$68&"|"))) -> 4
A8: adrenal | B8: anatomical | C8: Adrenal gland | D8: 23451007 | E8: UBERON:0002369 | F8: UNVERIFIED | G8: UNVERIFIED | H8: =SUMPRODUCT(--ISNUMBER(SEARCH("|"&$A8&"|","|"&Anchor_Core_Set!$K$2:$K$68&"|"))) -> 2
A9: pancreas_endocrine | B9: anatomical | C9: Pancreas, endocrine | D9: 15776009 | E9: UBERON:0000016 | F9: UNVERIFIED | G9: UNVERIFIED | H9: =SUMPRODUCT(--ISNUMBER(SEARCH("|"&$A9&"|","|"&Anchor_Core_Set!$K$2:$K$68&"|"))) -> 0
A10: gut | B10: anatomical | C10: Intestinal tract | D10: 113276009 | E10: UBERON:0000160 | F10: UNVERIFIED | G10: UNVERIFIED | H10: =SUMPRODUCT(--ISNUMBER(SEARCH("|"&$A10&"|","|"&Anchor_Core_Set!$K$2:$K$68&"|"))) -> 1
A11: prostate | B11: anatomical | C11: Prostate | D11: 41216001 | E11: UBERON:0002367 | F11: UNVERIFIED | G11: UNVERIFIED | H11: =SUMPRODUCT(--ISNUMBER(SEARCH("|"&$A11&"|","|"&Anchor_Core_Set!$K$2:$K$68&"|"))) -> 1
A12: gonads | B12: anatomical | C12: Gonads | D12: 18620006 | E12: UBERON:0000991 | F12: UNVERIFIED | G12: UNVERIFIED | H12: =SUMPRODUCT(--ISNUMBER(SEARCH("|"&$A12&"|","|"&Anchor_Core_Set!$K$2:$K$68&"|"))) -> 7
A13: bone | B13: anatomical | C13: Bone | D13: 272673000 | E13: UBERON:0001474 | F13: UNVERIFIED | G13: UNVERIFIED | H13: =SUMPRODUCT(--ISNUMBER(SEARCH("|"&$A13&"|","|"&Anchor_Core_Set!$K$2:$K$68&"|"))) -> 5
... A18: brain | B18: anatomical | C18: Brain | D18: 12738006 | E18: UBERON:0000955 | F18: UNVERIFIED | G18: UNVERIFIED | H18: =SUMPRODUCT(--ISNUMBER(SEARCH("|"&$A18&"|","|"&Anchor_Core_Set!$K$2:$K$68&"|"))) -> 0
A19: systemic_inflammation | B19: system | C19: Systemic inflammation | F19: n/a (system region) | G19: n/a (system region) | H19: =SUMPRODUCT(--ISNUMBER(SEARCH("|"&$A19&"|","|"&Anchor_Core_Set!$K$2:$K$68&"|"))) -> 1
A20: immune | B20: system | C20: Immune function | F20: n/a (system region) | G20: n/a (system region) | H20: =SUMPRODUCT(--ISNUMBER(SEARCH("|"&$A20&"|","|"&Anchor_Core_Set!$K$2:$K$68&"|"))) -> 4
A21: micronutrient_status | B21: system | C21: Micronutrient status | F21: n/a (system region) | G21: n/a (system region) | H21: =SUMPRODUCT(--ISNUMBER(SEARCH("|"&$A21&"|","|"&Anchor_Core_Set!$K$2:$K$68&"|"))) -> 18
A22: electrolyte_balance | B22: system | C22: Electrolyte and water balance | F22: n/a (system region) | G22: n/a (system region) | H22: =SUMPRODUCT(--ISNUMBER(SEARCH("|"&$A22&"|","|"&Anchor_Core_Set!$K$2:$K$68&"|"))) -> 4
A23: metabolic_glycemic | B23: system | C23: Glycemic regulation | F23: n/a (system region) | G23: n/a (system region) | H23: =SUMPRODUCT(--ISNUMBER(SEARCH("|"&$A23&"|","|"&Anchor_Core_Set!$K$2:$K$68&"|"))) -> 2
A24: lipid_transport | B24: system | C24: Lipid transport | F24: n/a (system region) | G24: n/a (system region) | H24: =SUMPRODUCT(--ISNUMBER(SEARCH("|"&$A24&"|","|"&Anchor_Core_Set!$K$2:$K$68&"|"))) -> 5
A25: body_composition | B25: system | C25: Body composition | F25: n/a (system region) | G25: n/a (system region) | H25: =SUMPRODUCT(--ISNUMBER(SEARCH("|"&$A25&"|","|"&Anchor_Core_Set!$K$2:$K$68&"|"))) -> 0
A26: sleep_recovery | B26: system | C26: Sleep and autonomic recovery | F26: n/a (system region) | G26: n/a (system region) | H26: =SUMPRODUCT(--ISNUMBER(SEARCH("|"&$A26&"|","|"&Anchor_Core_Set!$K$2:$K$68&"|"))) -> 0
A28: The enum is CLOSED. Adding a region is a contract change and needs an ADR, because the XR layer must have a mesh or an affordance for every value.
A29: SNOMED and UBERON codes below are PROPOSED and every one is UNVERIFIED. None may enter the repo until a named human has signed a review record. Do not treat this sheet as a source of codes.
A30: Five regions currently carry no Anchor marker: pancreas_endocrine, heart, brain, body_composition and sleep_recovery. pancreas_endocrine is empty because the core set holds no insulin or C-peptide; the others are Dynamic-layer placeholders. All five must render as "no data", never as healthy.

Sheet Organ_Mapping_Crosswalk
A1: organ_mapping_token | B1: markers_using_token | C1: proposed_region_ids | D1: verdict
A2: Adrenal | B2: 2 | C2: adrenal | D2: KEEP: one to one
A3: Bone | B3: 5 | C3: bone | D3: KEEP: one to one
A4: Cardiometabolic | B4: 5 | C4: lipid_transport|vasculature | D4: SPLIT: risk concept, maps to more than one region
A5: Electrolyte Balance | B5: 2 | C5: electrolyte_balance | D5: KEEP: one to one
A6: Endocrine | B6: 7 | D6: RETIRE: carries no locational information
A7: Gastrointestinal | B7: 1 | C7: gut | D7: KEEP: one to one
A8: Hematologic | B8: 10 | C8: bone_marrow_blood | D8: KEEP: one to one
A9: Hepatic | B9: 8 | C9: liver | D9: KEEP: one to one
A10: Hepatobiliary | B10: 1 | C10: liver|biliary | D10: SPLIT: risk concept, maps to more than one region
A11: Immune | B11: 4 | C11: immune | D11: KEEP: one to one
A12: Metabolic | B12: 5 | D12: RETIRE: names a pathway, not a location. Resolved per marker.
A13: Micronutrient | B13: 5 | C13: micronutrient_status | D13: KEEP: one to one
A14: Mineral Metabolism | B14: 1 | C14: bone|electrolyte_balance | D14: SPLIT: risk concept, maps to more than one region
A15: Musculoskeletal | B15: 2 | C15: skeletal_muscle | D15: KEEP: one to one
A16: Neuromuscular | B16: 1 | C16: skeletal_muscle | D16: KEEP: one to one
A17: Nutritional | B17: 12 | C17: micronutrient_status | D17: KEEP: one to one
A18: Pancreatic | B18: 1 | C18: pancreas_endocrine | D18: KEEP: one to one
A19: Parathyroid | B19: 1 | C19: parathyroid | D19: KEEP: one to one
A20: Pituitary | B20: 4 | C20: pituitary | D20: KEEP: one to one
A21: Prostate | B21: 1 | C21: prostate | D21: KEEP: one to one
A22: Renal | B22: 4 | C22: kidney | D22: KEEP: one to one
A23: Reproductive | B23: 7 | C23: gonads | D23: KEEP: one to one
A24: Systemic | B24: 17 | D24: RETIRE: carries no locational information
A25: Systemic Inflammation | B25: 1 | C25: systemic_inflammation | D25: KEEP: one to one
A26: Thyroid | B26: 3 | C26: thyroid | D26: KEEP: one to one
A27: Thyroid Axis | B27: 1 | C27: thyroid|pituitary | D27: SPLIT: risk concept, maps to more than one region

Sheet Reference_Intervals
A1: interval_id | B1: biomarker_id | C1: name_de | D1: in_core_set | E1: record_kind | F1: population | G1: low | H1: high | I1: unit | J1: unit_ucum | K1: reference_range_text | L1: issuer | M1: issuer_kind | N1: assay_or_catalogue | O1: source_url | P1: retrieved_at | Q1: source | R1: parse_status
A2: RI-001 | B2: BM-001 | C2: 17-Beta-Östradiol | D2: 1 | E2: reference_interval | F2: male | G2: 40 | H2: 161 | I2: pmol/l | J2: pmol/L | K2: m 40-161 · w Follikelphase 77-921 · Zyklusmitte 139-2382 · Lutealphase 77-1145 · Postmenopause < 103 | L2: IMD Labor Berlin-Potsdam | M2: LAB | N2: Referenzbereiche Standort Potsdam, Stand 28.09.2015 | O2: https://www.imd-berlin.de/fileadmin/user_upload/leistungsverzeichnis_druck/09a_Referenzbereiche_Standort_Potsdam.pdf | P2: 2026-07-12 | Q2: IMD-POT-2015 | R2: structured
A3: RI-002 | B3: BM-001 | C3: 17-Beta-Östradiol | D3: 1 | E3: reference_interval | F3: female_Follikelphase | G3: 77 | H3: 921 | I3: pmol/l | J3: pmol/L | K3: m 40-161 · w Follikelphase 77-921 · Zyklusmitte 139-2382 · Lutealphase 77-1145 · Postmenopause < 103 | L3: IMD Labor Berlin-Potsdam | M3: LAB | N3: Referenzbereiche Standort Potsdam, Stand 28.09.2015 | O3: https://www.imd-berlin.de/fileadmin/user_upload/leistungsverzeichnis_druck/09a_Referenzbereiche_Standort_Potsdam.pdf | P3: 2026-07-12 | Q3: IMD-POT-2015 | R3: structured
A4: RI-003 | B4: BM-002 | C4: 8-OHdG Urin | D4: 0 | E4: reference_interval | F4: general_adult | G4: 0.1 | H4: 2.4 | I4: µmol/mol Krea | J4: umol/mol | K4: 0,1-2,4 | L4: IMD Berlin | M4: LAB | N4: Leistungsverzeichnis, Stand 12.02.2025 | O4: https://www.imd-berlin.de/fileadmin/user_upload/leistungsverzeichnis_druck/imd_leistungsverzeichnis_2025-03-06.pdf | P4: 2026-07-12 | Q4: IMD-LV-2025 | R4: structured
A5: RI-004 | B5: BM-004 | C5: ADMA | D5: 0 | E5: reference_interval | F5: general_adult | G5: 50 | H5: 110 | I5: µg/l | J5: ug/L | K5: 50-110 | L5: IMD Berlin | M5: LAB | N5: Leistungsverzeichnis, Stand 12.02.2025 | O5: https://www.imd-berlin.de/fileadmin/user_upload/leistungsverzeichnis_druck/imd_leistungsverzeichnis_2025-03-06.pdf | P5: 2026-07-12 | Q5: IMD-LV-2025 | R5: structured
A6: RI-005 | B6: BM-005 | C6: AGE | D6: 0 | E6: reference_interval | F6: general_adult | H6: 67 | I6: µg/ml | J6: ug/mL | K6: < 67 | L6: IMD Berlin | M6: LAB | N6: Leistungsverzeichnis, Stand 12.02.2025 | O6: https://www.imd-berlin.de/fileadmin/user_upload/leistungsverzeichnis_druck/imd_leistungsverzeichnis_2025-03-06.pdf | P6: 2026-07-12 | Q6: IMD-LV-2025 | R6: structured
A7: RI-006 | B7: BM-007 | C7: Alkalische Phosphatase (AP) | D7: 0 | E7: reference_interval | F7: age_>20J | G7: 40 | H7: 150 | I7: U/l | J7: U/L | K7: > 20 J: 40-150 (m und w) | L7: IMD Berlin | M7: LAB | N7: Leistungsverzeichnis, Stand 12.02.2025 | O7: https://www.imd-berlin.de/fileadmin/user_upload/leistungsverzeichnis_druck/imd_leistungsverzeichnis_2025-03-06.pdf | P7: 2026-07-12 | Q7: IMD-LV-2025 | R7: structured
A8: RI-007 | B8: BM-012 | C8: Androstendion | D8: 0 | E8: reference_interval | F8: age_>21J_female_vor Menopause | G8: 0.4 | H8: 3.4 | I8: ng/ml | J8: ng/mL | K8: > 21 J: w vor Menopause 0,40-3,40 · w nach Menopause < 2,11 · m 0,50-3,50 | L8: IMD Berlin | M8: LAB | N8: Leistungsverzeichnis, Stand 12.02.2025 | O8: https://www.imd-berlin.de/fileadmin/user_upload/leistungsverzeichnis_druck/imd_leistungsverzeichnis_2025-03-06.pdf | P8: 2026-07-12 | Q8: IMD-LV-2025 | R8: structured
A9: RI-008 | B9: BM-012 | C9: Androstendion | D9: 0 | E9: reference_interval | F9: female_nach Menopause | H9: 2.11 | I9: ng/ml | J9: ng/mL | K9: > 21 J: w vor Menopause 0,40-3,40 · w nach Menopause < 2,11 · m 0,50-3,50 | L9: IMD Berlin | M9: LAB | N9: Leistungsverzeichnis, Stand 12.02.2025 | O9: https://www.imd-berlin.de/fileadmin/user_upload/leistungsverzeichnis_druck/imd_leistungsverzeichnis_2025-03-06.pdf | P9: 2026-07-12 | Q9: IMD-LV-2025 | R9: structured
A10: RI-009 | B10: BM-012 | C10: Androstendion | D10: 0 | E10: reference_interval | F10: male | G10: 0.5 | H10: 3.5 | I10: ng/ml | J10: ng/mL | K10: > 21 J: w vor Menopause 0,40-3,40 · w nach Menopause < 2,11 · m 0,50-3,50 | L10: IMD Berlin | M10: LAB | N10: Leistungsverzeichnis, Stand 12.02.2025 | O10: https://www.imd-berlin.de/fileadmin/user_upload/leistungsverzeichnis_druck/imd_leistungsverzeichnis_2025-03-06.pdf | P10: 2026-07-12 | Q10: IMD-LV-2025 | R10: structured
A11: RI-010 | B11: BM-018 | C11: APC-Resistenz | D11: 0 | E11: reference_interval | F11: general_adult | G11: 2.2 | I11: Ratio | J11: 1 | K11: > 2,2 | L11: IMD Berlin | M11: LAB | N11: Leistungsverzeichnis, Stand 12.02.2025 | O11: https://www.imd-berlin.de/fileadmin/user_upload/leistungsverzeichnis_druck/imd_leistungsverzeichnis_2025-03-06.pdf | P11: 2026-07-12 | Q11: IMD-LV-2025 | R11: structured
A12: RI-011 | B12: BM-019 | C12: Apolipoprotein B | D12: 0 | E12: reference_interval | F12: age_>18J | G12: 1 | I12: g/l | J12: g/L | K12: > 18 J: > 1,0 (wie im Katalog angegeben) | L12: IMD Berlin | M12: LAB | N12: Leistungsverzeichnis, Stand 12.02.2025 | O12: https://www.imd-berlin.de/fileadmin/user_upload/leistungsverzeichnis_druck/imd_leistungsverzeichnis_2025-03-06.pdf | P12: 2026-07-12 | Q12: IMD-LV-2025 | R12: structured
A13: RI-012 | B13: BM-026 | C13: ATP intrazellulär | D13: 0 | E13: reference_interval | F13: general_adult | G13: 2.5 | I13: µM | J13: umol/L | K13: > 2,5 | L13: IMD Berlin | M13: LAB | N13: Leistungsverzeichnis, Stand 12.02.2025 | O13: https://www.imd-berlin.de/fileadmin/user_upload/leistungsverzeichnis_druck/imd_leistungsverzeichnis_2025-03-06.pdf | P13: 2026-07-12 | Q13: IMD-LV-2025 | R13: structured
A14: RI-013 | B14: BM-052 | C14: BDNF (Brain-Derived Neurotrophic Factor) | D14: 0 | E14: reference_interval | F14: general_adult | G14: 18.3 | H14: 31.4 | I14: ng/ml | J14: ng/mL | K14: 18,3-31,4 | L14: IMD Berlin | M14: LAB | N14: Leistungsverzeichnis, Stand 12.02.2025 | O14: https://www.imd-berlin.de/fileadmin/user_upload/leistungsverzeichnis_druck/imd_leistungsverzeichnis_2025-03-06.pdf | P14: 2026-07-12 | Q14: IMD-LV-2025 | R14: structured
A15: RI-014 | B15: BM-055 | C15: Beta-Defensin 2 Stuhl | D15: 0 | E15: reference_interval | F15: general_adult | G15: 8 | H15: 60 | I15: ng/g | J15: ng/g | K15: 8-60 | L15: IMD Berlin | M15: LAB | N15: Leistungsverzeichnis, Stand 12.02.2025 | O15: https://www.imd-berlin.de/fileadmin/user_upload/leistungsverzeichnis_druck/imd_leistungsverzeichnis_2025-03-06.pdf | P15: 2026-07-12 | Q15: IMD-LV-2025 | R15: structured
A16: RI-015 | B16: BM-056 | C16: Bilirubin | D16: 0 | E16: reference_interval | F16: age_>18J | G16: 0.2 | H16: 1.2 | I16: mg/dl | J16: mg/dL | K16: > 18 J: 0,20-1,20 | L16: IMD Berlin | M16: LAB | N16: Leistungsverzeichnis, Stand 12.02.2025 | O16: https://www.imd-berlin.de/fileadmin/user_upload/leistungsverzeichnis_druck/imd_leistungsverzeichnis_2025-03-06.pdf | P16: 2026-07-12 | Q16: IMD-LV-2025 | R16: structured
A17: RI-016 | B17: BM-059 | C17: Blei | D17: 0 | E17: reference_interval | F17: general_adult | H17: 28 | I17: µg/l | J17: ug/L | K17: < 28 | L17: IMD Berlin | M17: LAB | N17: Leistungsverzeichnis, Stand 12.02.2025 | O17: https://www.imd-berlin.de/fileadmin/user_upload/leistungsverzeichnis_druck/imd_leistungsverzeichnis_2025-03-06.pdf | P17: 2026-07-12 | Q17: IMD-LV-2025 | R17: structured
A18: RI-017 | B18: BM-060 | C18: Bor | D18: 1 | E18: reference_interval | F18: general_adult | G18: 37.4 | H18: 101 | I18: µg/l | J18: ug/L | K18: 37,4-101 | L18: IMD Berlin | M18: LAB | N18: Leistungsverzeichnis, Stand 12.02.2025 | O18: https://www.imd-berlin.de/fileadmin/user_upload/leistungsverzeichnis_druck/imd_leistungsverzeichnis_2025-03-06.pdf | P18: 2026-07-12 | Q18: IMD-LV-2025 | R18: structured
A19: RI-018 | B19: BM-062 | C19: Cadmium | D19: 0 | E19: reference_interval | F19: general_adult | H19: 0.6 | I19: µg/l | J19: ug/L | K19: < 0,6 | L19: IMD Berlin | M19: LAB | N19: Leistungsverzeichnis, Stand 12.02.2025 | O19: https://www.imd-berlin.de/fileadmin/user_upload/leistungsverzeichnis_druck/imd_leistungsverzeichnis_2025-03-06.pdf | P19: 2026-07-12 | Q19: IMD-LV-2025 | R19: structured
A20: RI-019 | B20: BM-063 | C20: Calcium | D20: 1 | E20: reference_interval | F20: age_12-60J | G20: 2.2 | H20: 2.6 | I20: mmol/l | J20: mmol/L | K20: 12-60 J: 2,20-2,60 · m > 60 J: 2,20-2,55 | L20: IMD Berlin | M20: LAB | N20: Leistungsverzeichnis, Stand 12.02.2025 | O20: https://www.imd-berlin.de/fileadmin/user_upload/leistungsverzeichnis_druck/imd_leistungsverzeichnis_2025-03-06.pdf | P20: 2026-07-12 | Q20: IMD-LV-2025 | R20: structured
A21: RI-020 | B21: BM-064 | C21: Calprotectin | D21: 1 | E21: reference_interval | F21: general_adult | H21: 50 | I21: µg/g | J21: ug/g | K21: < 50 | L21: IMD Berlin | M21: LAB | N21: Leistungsverzeichnis, Stand 12.02.2025 | O21: https://www.imd-berlin.de/fileadmin/user_upload/leistungsverzeichnis_druck/imd_leistungsverzeichnis_2025-03-06.pdf | P21: 2026-07-12 | Q21: IMD-LV-2025 | R21: structured
A22: RI-021 | B22: BM-068 | C22: Carnitin | D22: 0 | E22: reference_interval | F22: age_>1J_female | G22: 17.9 | H22: 45.5 | I22: µmol/l | J22: umol/L | K22: > 1 J: w 17,9-45,5 · m 24,6-51,0 | L22: IMD Berlin | M22: LAB | N22: Leistungsverzeichnis, Stand 12.02.2025 | O22: https://www.imd-berlin.de/fileadmin/user_upload/leistungsverzeichnis_druck/imd_leistungsverzeichnis_2025-03-06.pdf | P22: 2026-07-12 | Q22: IMD-LV-2025 | R22: structured
A23: RI-022 | B23: BM-068 | C23: Carnitin | D23: 0 | E23: reference_interval | F23: male | G23: 24.6 | H23: 51 | I23: µmol/l | J23: umol/L | K23: > 1 J: w 17,9-45,5 · m 24,6-51,0 | L23: IMD Berlin | M23: LAB | N23: Leistungsverzeichnis, Stand 12.02.2025 | O23: https://www.imd-berlin.de/fileadmin/user_upload/leistungsverzeichnis_druck/imd_leistungsverzeichnis_2025-03-06.pdf | P23: 2026-07-12 | Q23: IMD-LV-2025 | R23: structured
A24: RI-023 | B24: BM-069 | C24: CD57+ NK-Zellen | D24: 0 | E24: reference_interval | F24: general_adult | G24: 60 | H24: 360 | I24: /µl | J24: /uL | K24: 60-360 | L24: IMD Berlin | M24: LAB | N24: Leistungsverzeichnis, Stand 12.02.2025 | O24: https://www.imd-berlin.de/fileadmin/user_upload/leistungsverzeichnis_druck/imd_leistungsverzeichnis_2025-03-06.pdf | P24: 2026-07-12 | Q24: IMD-LV-2025 | R24: structured
A25: RI-024 | B25: BM-070 | C25: CDT (Alkoholmarker) | D25: 0 | E25: reference_interval | F25: general_adult | H25: 1.75 | I25: % | J25: % | K25: < 1,75 | L25: IMD Berlin | M25: LAB | N25: Leistungsverzeichnis, Stand 12.02.2025 | O25: https://www.imd-berlin.de/fileadmin/user_upload/leistungsverzeichnis_druck/imd_leistungsverzeichnis_2025-03-06.pdf | P25: 2026-07-12 | Q25: IMD-LV-2025 | R25: structured
A26: RI-025 | B26: BM-071 | C26: Chlorid | D26: 0 | E26: reference_interval | F26: age_1mo_90J | G26: 98 | H26: 107 | I26: mmol/l | J26: mmol/L | K26: 1 Monat-90 J: 98-107 | L26: IMD Berlin | M26: LAB | N26: Leistungsverzeichnis, Stand 12.02.2025 | O26: https://www.imd-berlin.de/fileadmin/user_upload/leistungsverzeichnis_druck/imd_leistungsverzeichnis_2025-03-06.pdf | P26: 2026-07-12 | Q26: IMD-LV-2025 | R26: structured
A27: RI-026 | B27: BM-072 | C27: Cholesterin (gesamt) | D27: 1 | E27: reference_interval | F27: age_>18J | H27: 190 | I27: mg/dl | J27: mg/dL | K27: > 18 J: < 190 | L27: IMD Berlin | M27: LAB | N27: Leistungsverzeichnis, Stand 12.02.2025 | O27: https://www.imd-berlin.de/fileadmin/user_upload/leistungsverzeichnis_druck/imd_leistungsverzeichnis_2025-03-06.pdf | P27: 2026-07-12 | Q27: IMD-LV-2025 | R27: structured
A28: RI-027 | B28: BM-073 | C28: Chrom | D28: 0 | E28: reference_interval | F28: general_adult | G28: 0.14 | H28: 0.52 | I28: µg/l | J28: ug/L | K28: 0,14-0,52 | L28: IMD Berlin | M28: LAB | N28: Leistungsverzeichnis, Stand 12.02.2025 | O28: https://www.imd-berlin.de/fileadmin/user_upload/leistungsverzeichnis_druck/imd_leistungsverzeichnis_2025-03-06.pdf | P28: 2026-07-12 | Q28: IMD-LV-2025 | R28: structured
A29: RI-028 | B29: BM-076 | C29: Coenzym Q10 | D29: 0 | E29: reference_interval | F29: general_adult | G29: 0.6 | I29: mg/l | J29: mg/L | K29: > 0,60 | L29: IMD Berlin | M29: LAB | N29: Leistungsverzeichnis, Stand 12.02.2025 | O29: https://www.imd-berlin.de/fileadmin/user_upload/leistungsverzeichnis_druck/imd_leistungsverzeichnis_2025-03-06.pdf | P29: 2026-07-12 | Q29: IMD-LV-2025 | R29: structured
A30: RI-029 | B30: BM-077 | C30: Cortisol | D30: 1 | E30: reference_interval | F30: time_vor_10h | G30: 37 | H30: 194 | I30: ng/ml | J30: ng/mL | K30: vor 10 Uhr 37-194 · nach 17 Uhr 29-173 | L30: IMD Berlin | M30: LAB | N30: Leistungsverzeichnis, Stand 12.02.2025 | O30: https://www.imd-berlin.de/fileadmin/user_upload/leistungsverzeichnis_druck/imd_leistungsverzeichnis_2025-03-06.pdf | P30: 2026-07-12 | Q30: IMD-LV-2025 | R30: structured
A31: RI-030 | B31: BM-077 | C31: Cortisol | D31: 1 | E31: reference_interval | F31: time_nach_17h | G31: 29 | H31: 173 | I31: ng/ml | J31: ng/mL | K31: vor 10 Uhr 37-194 · nach 17 Uhr 29-173 | L31: IMD Berlin | M31: LAB | N31: Leistungsverzeichnis, Stand 12.02.2025 | O31: https://www.imd-berlin.de/fileadmin/user_upload/leistungsverzeichnis_druck/imd_leistungsverzeichnis_2025-03-06.pdf | P31: 2026-07-12 | Q31: IMD-LV-2025 | R31: structured
A32: RI-031 | B32: BM-079 | C32: CRP (hochsensitiv) | D32: 1 | E32: reference_interval | F32: general_adult | H32: 5 | I32: mg/l | J32: mg/L | K32: < 5 | L32: IMD Berlin | M32: LAB | N32: Leistungsverzeichnis, Stand 12.02.2025 | O32: https://www.imd-berlin.de/fileadmin/user_upload/leistungsverzeichnis_druck/imd_leistungsverzeichnis_2025-03-06.pdf | P32: 2026-07-12 | Q32: IMD-LV-2025 | R32: structured
A33: RI-032 | B33: BM-081 | C33: Cystatin C | D33: 0 | E33: reference_interval | F33: age_19-49J_male | G33: 0.5 | H33: 0.9 | I33: mg/l | J33: mg/L | K33: 19-49 J: m 0,5-0,9 · w 0,53-0,92 · > 49 J: m 0,6-1,0 · w 0,58-1,02 | L33: IMD Berlin | M33: LAB | N33: Leistungsverzeichnis, Stand 12.02.2025 | O33: https://www.imd-berlin.de/fileadmin/user_upload/leistungsverzeichnis_druck/imd_leistungsverzeichnis_2025-03-06.pdf | P33: 2026-07-12 | Q33: IMD-LV-2025 | R33: structured
A34: RI-033 | B34: BM-081 | C34: Cystatin C | D34: 0 | E34: reference_interval | F34: female | G34: 0.53 | H34: 0.92 | I34: mg/l | J34: mg/L | K34: 19-49 J: m 0,5-0,9 · w 0,53-0,92 · > 49 J: m 0,6-1,0 · w 0,58-1,02 | L34: IMD Berlin | M34: LAB | N34: Leistungsverzeichnis, Stand 12.02.2025 | O34: https://www.imd-berlin.de/fileadmin/user_upload/leistungsverzeichnis_druck/imd_leistungsverzeichnis_2025-03-06.pdf | P34: 2026-07-12 | Q34: IMD-LV-2025 | R34: structured
A35: RI-034 | B35: BM-081 | C35: Cystatin C | D35: 0 | E35: reference_interval | F35: age_>49J_male | G35: 0.6 | H35: 1 | I35: mg/l | J35: mg/L | K35: 19-49 J: m 0,5-0,9 · w 0,53-0,92 · > 49 J: m 0,6-1,0 · w 0,58-1,02 | L35: IMD Berlin | M35: LAB | N35: Leistungsverzeichnis, Stand 12.02.2025 | O35: https://www.imd-berlin.de/fileadmin/user_upload/leistungsverzeichnis_druck/imd_leistungsverzeichnis_2025-03-06.pdf | P35: 2026-07-12 | Q35: IMD-LV-2025 | R35: structured
A36: RI-035 | B36: BM-081 | C36: Cystatin C | D36: 0 | E36: reference_interval | F36: female | G36: 0.58 | H36: 1.02 | I36: mg/l | J36: mg/L | K36: 19-49 J: m 0,5-0,9 · w 0,53-0,92 · > 49 J: m 0,6-1,0 · w 0,58-1,02 | L36: IMD Berlin | M36: LAB | N36: Leistungsverzeichnis, Stand 12.02.2025 | O36: https://www.imd-berlin.de/fileadmin/user_upload/leistungsverzeichnis_druck/imd_leistungsverzeichnis_2025-03-06.pdf | P36: 2026-07-12 | Q36: IMD-LV-2025 | R36: structured
A37: RI-036 | B37: BM-087 | C37: DHEA-S | D37: 1 | E37: reference_interval | F37: age_24-34J_male | G37: 1600 | H37: 4490 | I37: ng/ml | J37: ng/mL | K37: 24-34 J: m 1600-4490 · w 988-3400 · 34-44 J: m 889-4720 · w 609-3370 (altersgestaffelt) | L37: IMD Berlin | M37: LAB | N37: Leistungsverzeichnis, Stand 12.02.2025 | O37: https://www.imd-berlin.de/fileadmin/user_upload/leistungsverzeichnis_druck/imd_leistungsverzeichnis_2025-03-06.pdf | P37: 2026-07-12 | Q37: IMD-LV-2025 | R37: structured
A38: RI-037 | B38: BM-087 | C38: DHEA-S | D38: 1 | E38: reference_interval | F38: female | G38: 988 | H38: 3400 | I38: ng/ml | J38: ng/mL | K38: 24-34 J: m 1600-4490 · w 988-3400 · 34-44 J: m 889-4720 · w 609-3370 (altersgestaffelt) | L38: IMD Berlin | M38: LAB | N38: Leistungsverzeichnis, Stand 12.02.2025 | O38: https://www.imd-berlin.de/fileadmin/user_upload/leistungsverzeichnis_druck/imd_leistungsverzeichnis_2025-03-06.pdf | P38: 2026-07-12 | Q38: IMD-LV-2025 | R38: structured
A39: RI-038 | B39: BM-087 | C39: DHEA-S | D39: 1 | E39: reference_interval | F39: age_34-44J_male | G39: 889 | H39: 4720 | I39: ng/ml | J39: ng/mL | K39: 24-34 J: m 1600-4490 · w 988-3400 · 34-44 J: m 889-4720 · w 609-3370 (altersgestaffelt) | L39: IMD Berlin | M39: LAB | N39: Leistungsverzeichnis, Stand 12.02.2025 | O39: https://www.imd-berlin.de/fileadmin/user_upload/leistungsverzeichnis_druck/imd_leistungsverzeichnis_2025-03-06.pdf | P39: 2026-07-12 | Q39: IMD-LV-2025 | R39: structured
A40: RI-039 | B40: BM-090 | C40: ECP | D40: 0 | E40: reference_interval | F40: general_adult | H40: 13.3 | I40: µg/l | J40: ug/L | K40: < 13,3 | L40: IMD Berlin | M40: LAB | N40: Leistungsverzeichnis, Stand 12.02.2025 | O40: https://www.imd-berlin.de/fileadmin/user_upload/leistungsverzeichnis_druck/imd_leistungsverzeichnis_2025-03-06.pdf | P40: 2026-07-12 | Q40: IMD-LV-2025 | R40: structured
A41: RI-040 | B41: BM-092 | C41: Eisen | D41: 0 | E41: reference_interval | F41: age_>18J_male | G41: 11.6 | H41: 31.3 | I41: µmol/l | J41: umol/L | K41: > 18 J: m 11,6-31,3 · w 9,0-30,4 | L41: IMD Berlin | M41: LAB | N41: Leistungsverzeichnis, Stand 12.02.2025 | O41: https://www.imd-berlin.de/fileadmin/user_upload/leistungsverzeichnis_druck/imd_leistungsverzeichnis_2025-03-06.pdf | P41: 2026-07-12 | Q41: IMD-LV-2025 | R41: structured
A42: RI-041 | B42: BM-092 | C42: Eisen | D42: 0 | E42: reference_interval | F42: female | G42: 9 | H42: 30.4 | I42: µmol/l | J42: umol/L | K42: > 18 J: m 11,6-31,3 · w 9,0-30,4 | L42: IMD Berlin | M42: LAB | N42: Leistungsverzeichnis, Stand 12.02.2025 | O42: https://www.imd-berlin.de/fileadmin/user_upload/leistungsverzeichnis_druck/imd_leistungsverzeichnis_2025-03-06.pdf | P42: 2026-07-12 | Q42: IMD-LV-2025 | R42: structured
A43: RI-042 | B43: BM-101 | C43: EPX-Stuhl | D43: 0 | E43: reference_interval | F43: general_adult | H43: 1358 | I43: ng/g | J43: ng/g | K43: < 1358 | L43: IMD Berlin | M43: LAB | N43: Leistungsverzeichnis, Stand 12.02.2025 | O43: https://www.imd-berlin.de/fileadmin/user_upload/leistungsverzeichnis_druck/imd_leistungsverzeichnis_2025-03-06.pdf | P43: 2026-07-12 | Q43: IMD-LV-2025 | R43: structured
A44: RI-043 | B44: BM-104 | C44: Ethylglucuronid (EtG) | D44: 0 | E44: reference_interval | F44: general_adult | H44: 0.1 | I44: mg/l | J44: mg/L | K44: < 0,1 | L44: IMD Berlin | M44: LAB | N44: Leistungsverzeichnis, Stand 12.02.2025 | O44: https://www.imd-berlin.de/fileadmin/user_upload/leistungsverzeichnis_druck/imd_leistungsverzeichnis_2025-03-06.pdf | P44: 2026-07-12 | Q44: IMD-LV-2025 | R44: structured
A45: RI-044 | B45: BM-107 | C45: Ferritin | D45: 1 | E45: reference_interval | F45: age_>18J_male | G45: 21.8 | H45: 275 | I45: ng/ml | J45: ng/mL | K45: > 18 J: m 21,8-275 · w 4,63-204 | L45: IMD Berlin | M45: LAB | N45: Leistungsverzeichnis, Stand 12.02.2025 | O45: https://www.imd-berlin.de/fileadmin/user_upload/leistungsverzeichnis_druck/imd_leistungsverzeichnis_2025-03-06.pdf | P45: 2026-07-12 | Q45: IMD-LV-2025 | R45: structured
A46: RI-045 | B46: BM-107 | C46: Ferritin | D46: 1 | E46: reference_interval | F46: female | G46: 4.63 | H46: 204 | I46: ng/ml | J46: ng/mL | K46: > 18 J: m 21,8-275 · w 4,63-204 | L46: IMD Berlin | M46: LAB | N46: Leistungsverzeichnis, Stand 12.02.2025 | O46: https://www.imd-berlin.de/fileadmin/user_upload/leistungsverzeichnis_druck/imd_leistungsverzeichnis_2025-03-06.pdf | P46: 2026-07-12 | Q46: IMD-LV-2025 | R46: structured
A47: RI-046 | B47: BM-111 | C47: Folsäure (Vitamin B9) | D47: 1 | E47: reference_interval | F47: general_adult | G47: 3 | I47: ng/ml | J47: ng/mL | K47: > 3,0 | L47: IMD Berlin | M47: LAB | N47: Leistungsverzeichnis, Stand 12.02.2025 | O47: https://www.imd-berlin.de/fileadmin/user_upload/leistungsverzeichnis_druck/imd_leistungsverzeichnis_2025-03-06.pdf | P47: 2026-07-12 | Q47: IMD-LV-2025 | R47: structured
A48: RI-047 | B48: BM-112 | C48: Freier Androgenindex | D48: 0 | E48: reference_interval | F48: male_age_21-50J | G48: 24.5 | H48: 113.3 | J48: UNMAPPED | K48: m 21-50 J: 24,5-113,3 · m > 50 J: 19,3-118,4 · w praemenopausal 0,7-8,7 · w postmenopausal 0,5-4,7 | L48: IMD Berlin | M48: LAB | N48: Leistungsverzeichnis, Stand 12.02.2025 | O48: https://www.imd-berlin.de/fileadmin/user_upload/leistungsverzeichnis_druck/imd_leistungsverzeichnis_2025-03-06.pdf | P48: 2026-07-12 | Q48: IMD-LV-2025 | R48: structured
A49: RI-048 | B49: BM-112 | C49: Freier Androgenindex | D49: 0 | E49: reference_interval | F49: female_praemenopausal | G49: 0.7 | H49: 8.7 | J49: UNMAPPED | K49: m 21-50 J: 24,5-113,3 · m > 50 J: 19,3-118,4 · w praemenopausal 0,7-8,7 · w postmenopausal 0,5-4,7 | L49: IMD Berlin | M49: LAB | N49: Leistungsverzeichnis, Stand 12.02.2025 | O49: https://www.imd-berlin.de/fileadmin/user_upload/leistungsverzeichnis_druck/imd_leistungsverzeichnis_2025-03-06.pdf | P49: 2026-07-12 | Q49: IMD-LV-2025 | R49: structured
A50: RI-049 | B50: BM-112 | C50: Freier Androgenindex | D50: 0 | E50: reference_interval | F50: female_postmenopausal | G50: 0.5 | H50: 4.7 | J50: UNMAPPED | K50: m 21-50 J: 24,5-113,3 · m > 50 J: 19,3-118,4 · w praemenopausal 0,7-8,7 · w postmenopausal 0,5-4,7 | L50: IMD Berlin | M50: LAB | N50: Leistungsverzeichnis, Stand 12.02.2025 | O50: https://www.imd-berlin.de/fileadmin/user_upload/leistungsverzeichnis_druck/imd_leistungsverzeichnis_2025-03-06.pdf | P50: 2026-07-12 | Q50: IMD-LV-2025 | R50: structured
A51: RI-050 | B51: BM-113 | C51: Freies Spike Protein | D51: 0 | E51: reference_interval | F51: general_adult | H51: 4.5 | I51: pg/ml | J51: pg/mL | K51: < 4,5 | L51: IMD Berlin | M51: LAB | N51: Leistungsverzeichnis, Stand 12.02.2025 | O51: https://www.imd-berlin.de/fileadmin/user_upload/leistungsverzeichnis_druck/imd_leistungsverzeichnis_2025-03-06.pdf | P51: 2026-07-12 | Q51: IMD-LV-2025 | R51: structured
A52: RI-051 | B52: BM-114 | C52: freies T3 (FT3) | D52: 1 | E52: reference_interval | F52: age_>19J | G52: 1.58 | H52: 3.91 | I52: pg/ml | J52: pg/mL | K52: > 19 J: 1,58-3,91 | L52: IMD Berlin | M52: LAB | N52: Leistungsverzeichnis, Stand 12.02.2025 | O52: https://www.imd-berlin.de/fileadmin/user_upload/leistungsverzeichnis_druck/imd_leistungsverzeichnis_2025-03-06.pdf | P52: 2026-07-12 | Q52: IMD-LV-2025 | R52: structured
A53: RI-052 | B53: BM-115 | C53: freies T4 (FT4) | D53: 1 | E53: reference_interval | F53: age_>19J | G53: 7 | H53: 14.8 | I53: pg/ml | J53: pg/mL | K53: > 19 J: 7,00-14,8 | L53: IMD Berlin | M53: LAB | N53: Leistungsverzeichnis, Stand 12.02.2025 | O53: https://www.imd-berlin.de/fileadmin/user_upload/leistungsverzeichnis_druck/imd_leistungsverzeichnis_2025-03-06.pdf | P53: 2026-07-12 | Q53: IMD-LV-2025 | R53: structured
A54: RI-053 | B54: BM-117 | C54: Freies Vitamin D | D54: 0 | E54: reference_interval | F54: general_adult | G54: 8.49 | H54: 28.3 | I54: pg/ml | J54: pg/mL | K54: 8,49-28,3 | L54: IMD Berlin | M54: LAB | N54: Leistungsverzeichnis, Stand 12.02.2025 | O54: https://www.imd-berlin.de/fileadmin/user_upload/leistungsverzeichnis_druck/imd_leistungsverzeichnis_2025-03-06.pdf | P54: 2026-07-12 | Q54: IMD-LV-2025 | R54: structured
A55: RI-054 | B55: BM-119 | C55: FSH | D55: 1 | E55: reference_interval | F55: male | G55: 0.95 | H55: 11.95 | I55: U/l | J55: U/L | K55: m 0,95-11,95 · w Follikelphase 3,03-8,08 · Zyklusmitte 2,55-16,69 · Lutealphase 1,38-5,47 · Postmenopause 26,7-133,4 | L55: IMD Labor Berlin-Potsdam | M55: LAB | N55: Referenzbereiche Standort Potsdam, Stand 28.09.2015 | O55: https://www.imd-berlin.de/fileadmin/user_upload/leistungsverzeichnis_druck/09a_Referenzbereiche_Standort_Potsdam.pdf | P55: 2026-07-12 | Q55: IMD-POT-2015 | R55: structured
A56: RI-055 | B56: BM-119 | C56: FSH | D56: 1 | E56: reference_interval | F56: female_Follikelphase | G56: 3.03 | H56: 8.08 | I56: U/l | J56: U/L | K56: m 0,95-11,95 · w Follikelphase 3,03-8,08 · Zyklusmitte 2,55-16,69 · Lutealphase 1,38-5,47 · Postmenopause 26,7-133,4 | L56: IMD Labor Berlin-Potsdam | M56: LAB | N56: Referenzbereiche Standort Potsdam, Stand 28.09.2015 | O56: https://www.imd-berlin.de/fileadmin/user_upload/leistungsverzeichnis_druck/09a_Referenzbereiche_Standort_Potsdam.pdf | P56: 2026-07-12 | Q56: IMD-POT-2015 | R56: structured
A57: RI-056 | B57: BM-122 | C57: Gallensäure-Stuhl | D57: 0 | E57: reference_interval | F57: general_adult | G57: 0.84 | H57: 6.55 | I57: µmol/g | J57: UNMAPPED | K57: 0,84-6,55 | L57: IMD Berlin | M57: LAB | N57: Leistungsverzeichnis, Stand 12.02.2025 | O57: https://www.imd-berlin.de/fileadmin/user_upload/leistungsverzeichnis_druck/imd_leistungsverzeichnis_2025-03-06.pdf | P57: 2026-07-12 | Q57: IMD-LV-2025 | R57: structured
A58: RI-057 | B58: BM-123 | C58: Gamma-GT (GGT) | D58: 1 | E58: reference_interval | F58: age_>18J_male | G58: 11 | H58: 59 | I58: U/l | J58: U/L | K58: > 18 J: m 11-59 · w 8-33 | L58: IMD Berlin | M58: LAB | N58: Leistungsverzeichnis, Stand 12.02.2025 | O58: https://www.imd-berlin.de/fileadmin/user_upload/leistungsverzeichnis_druck/imd_leistungsverzeichnis_2025-03-06.pdf | P58: 2026-07-12 | Q58: IMD-LV-2025 | R58: structured
A59: RI-058 | B59: BM-123 | C59: Gamma-GT (GGT) | D59: 1 | E59: reference_interval | F59: female | G59: 8 | H59: 33 | I59: U/l | J59: U/L | K59: > 18 J: m 11-59 · w 8-33 | L59: IMD Berlin | M59: LAB | N59: Leistungsverzeichnis, Stand 12.02.2025 | O59: https://www.imd-berlin.de/fileadmin/user_upload/leistungsverzeichnis_druck/imd_leistungsverzeichnis_2025-03-06.pdf | P59: 2026-07-12 | Q59: IMD-LV-2025 | R59: structured
A60: RI-059 | B60: BM-124 | C60: GDF15 | D60: 0 | E60: reference_interval | F60: general_adult | H60: 518.8 | I60: pg/ml | J60: pg/mL | K60: < 518,8 | L60: IMD Berlin | M60: LAB | N60: Leistungsverzeichnis, Stand 12.02.2025 | O60: https://www.imd-berlin.de/fileadmin/user_upload/leistungsverzeichnis_druck/imd_leistungsverzeichnis_2025-03-06.pdf | P60: 2026-07-12 | Q60: IMD-LV-2025 | R60: structured
A61: RI-060 | B61: BM-125 | C61: Gesamteiweiß | D61: 1 | E61: reference_interval | F61: age_18-60J | G61: 64 | H61: 83 | I61: g/l | J61: g/L | K61: 18-60 J: 64,0-83,0 · > 60 J: 62,0-81,0 | L61: IMD Berlin | M61: LAB | N61: Leistungsverzeichnis, Stand 12.02.2025 | O61: https://www.imd-berlin.de/fileadmin/user_upload/leistungsverzeichnis_druck/imd_leistungsverzeichnis_2025-03-06.pdf | P61: 2026-07-12 | Q61: IMD-LV-2025 | R61: structured
A62: RI-061 | B62: BM-125 | C62: Gesamteiweiß | D62: 1 | E62: reference_interval | F62: age_>60J | G62: 62 | H62: 81 | I62: g/l | J62: g/L | K62: 18-60 J: 64,0-83,0 · > 60 J: 62,0-81,0 | L62: IMD Berlin | M62: LAB | N62: Leistungsverzeichnis, Stand 12.02.2025 | O62: https://www.imd-berlin.de/fileadmin/user_upload/leistungsverzeichnis_druck/imd_leistungsverzeichnis_2025-03-06.pdf | P62: 2026-07-12 | Q62: IMD-LV-2025 | R62: structured
A63: RI-062 | B63: BM-128 | C63: Glukose | D63: 1 | E63: reference_interval | F63: fasting_adult | H63: 100 | I63: mg/dl | J63: mg/dL | K63: nuechtern < 100 | L63: IMD Berlin | M63: LAB | N63: Leistungsverzeichnis, Stand 12.02.2025 | O63: https://www.imd-berlin.de/fileadmin/user_upload/leistungsverzeichnis_druck/imd_leistungsverzeichnis_2025-03-06.pdf | P63: 2026-07-12 | Q63: IMD-LV-2025 | R63: structured
A64: RI-063 | B64: BM-129 | C64: Glutathion intrazellulär | D64: 0 | E64: reference_interval | F64: male_onozyten | G64: 66600 | I64: mfi | J64: {MFI} | K64: Lymphozyten > 21600 · Monozyten > 66600 · NK-Zellen > 30500 | L64: IMD Berlin | M64: LAB | N64: Leistungsverzeichnis, Stand 12.02.2025 | O64: https://www.imd-berlin.de/fileadmin/user_upload/leistungsverzeichnis_druck/imd_leistungsverzeichnis_2025-03-06.pdf | P64: 2026-07-12 | Q64: IMD-LV-2025 | R64: structured
A65: RI-064 | B65: BM-132 | C65: GPT (ALAT) | D65: 1 | E65: reference_interval | F65: age_>18J_male | H65: 50 | I65: U/l | J65: U/L | K65: > 18 J: m < 50 · w < 35 | L65: IMD Berlin | M65: LAB | N65: Leistungsverzeichnis, Stand 12.02.2025 | O65: https://www.imd-berlin.de/fileadmin/user_upload/leistungsverzeichnis_druck/imd_leistungsverzeichnis_2025-03-06.pdf | P65: 2026-07-12 | Q65: IMD-LV-2025 | R65: structured
A66: RI-065 | B66: BM-132 | C66: GPT (ALAT) | D66: 1 | E66: reference_interval | F66: female | H66: 35 | I66: U/l | J66: U/L | K66: > 18 J: m < 50 · w < 35 | L66: IMD Berlin | M66: LAB | N66: Leistungsverzeichnis, Stand 12.02.2025 | O66: https://www.imd-berlin.de/fileadmin/user_upload/leistungsverzeichnis_druck/imd_leistungsverzeichnis_2025-03-06.pdf | P66: 2026-07-12 | Q66: IMD-LV-2025 | R66: structured
A67: RI-066 | B67: BM-136 | C67: Harnsäure | D67: 1 | E67: reference_interval | F67: age_>18J_male | G67: 3.6 | H67: 8.2 | I67: mg/dl | J67: mg/dL | K67: > 18 J: m 3,6-8,2 · w 2,3-6,1 | L67: IMD Berlin | M67: LAB | N67: Leistungsverzeichnis, Stand 12.02.2025 | O67: https://www.imd-berlin.de/fileadmin/user_upload/leistungsverzeichnis_druck/imd_leistungsverzeichnis_2025-03-06.pdf | P67: 2026-07-12 | Q67: IMD-LV-2025 | R67: structured
A68: RI-067 | B68: BM-136 | C68: Harnsäure | D68: 1 | E68: reference_interval | F68: female | G68: 2.3 | H68: 6.1 | I68: mg/dl | J68: mg/dL | K68: > 18 J: m 3,6-8,2 · w 2,3-6,1 | L68: IMD Berlin | M68: LAB | N68: Leistungsverzeichnis, Stand 12.02.2025 | O68: https://www.imd-berlin.de/fileadmin/user_upload/leistungsverzeichnis_druck/imd_leistungsverzeichnis_2025-03-06.pdf | P68: 2026-07-12 | Q68: IMD-LV-2025 | R68: structured
A69: RI-068 | B69: BM-137 | C69: Harnstoff | D69: 0 | E69: reference_interval | F69: age_18-50J_male | G69: 19 | H69: 44.1 | I69: mg/dl | J69: mg/dL | K69: 18-50 J: m 19,0-44,1 · w 15,0-40,0 | L69: IMD Berlin | M69: LAB | N69: Leistungsverzeichnis, Stand 12.02.2025 | O69: https://www.imd-berlin.de/fileadmin/user_upload/leistungsverzeichnis_druck/imd_leistungsverzeichnis_2025-03-06.pdf | P69: 2026-07-12 | Q69: IMD-LV-2025 | R69: structured
A70: RI-069 | B70: BM-137 | C70: Harnstoff | D70: 0 | E70: reference_interval | F70: female | G70: 15 | H70: 40 | I70: mg/dl | J70: mg/dL | K70: 18-50 J: m 19,0-44,1 · w 15,0-40,0 | L70: IMD Berlin | M70: LAB | N70: Leistungsverzeichnis, Stand 12.02.2025 | O70: https://www.imd-berlin.de/fileadmin/user_upload/leistungsverzeichnis_druck/imd_leistungsverzeichnis_2025-03-06.pdf | P70: 2026-07-12 | Q70: IMD-LV-2025 | R70: structured
A71: RI-070 | B71: BM-139 | C71: HbA1c | D71: 1 | E71: reference_interval | F71: general_adult | H71: 5.7 | I71: % | J71: % | K71: < 5,7 (< 39 mmol/mol) | L71: IMD Berlin | M71: LAB | N71: Leistungsverzeichnis, Stand 12.02.2025 | O71: https://www.imd-berlin.de/fileadmin/user_upload/leistungsverzeichnis_druck/imd_leistungsverzeichnis_2025-03-06.pdf | P71: 2026-07-12 | Q71: IMD-LV-2025 | R71: structured
A72: RI-071 | B72: BM-140 | C72: HDL-Cholesterin | D72: 1 | E72: reference_interval | F72: age_>18J_female | G72: 45 | I72: mg/dl | J72: mg/dL | K72: > 18 J: w > 45 · m > 40 | L72: IMD Berlin | M72: LAB | N72: Leistungsverzeichnis, Stand 12.02.2025 | O72: https://www.imd-berlin.de/fileadmin/user_upload/leistungsverzeichnis_druck/imd_leistungsverzeichnis_2025-03-06.pdf | P72: 2026-07-12 | Q72: IMD-LV-2025 | R72: structured
A73: RI-072 | B73: BM-140 | C73: HDL-Cholesterin | D73: 1 | E73: reference_interval | F73: male | G73: 40 | I73: mg/dl | J73: mg/dL | K73: > 18 J: w > 45 · m > 40 | L73: IMD Berlin | M73: LAB | N73: Leistungsverzeichnis, Stand 12.02.2025 | O73: https://www.imd-berlin.de/fileadmin/user_upload/leistungsverzeichnis_druck/imd_leistungsverzeichnis_2025-03-06.pdf | P73: 2026-07-12 | Q73: IMD-LV-2025 | R73: structured
A74: RI-073 | B74: BM-148 | C74: Histamin | D74: 0 | E74: reference_interval | F74: general_adult | H74: 65.5 | I74: ng/ml | J74: ng/mL | K74: < 65,5 | L74: IMD Berlin | M74: LAB | N74: Leistungsverzeichnis, Stand 12.02.2025 | O74: https://www.imd-berlin.de/fileadmin/user_upload/leistungsverzeichnis_druck/imd_leistungsverzeichnis_2025-03-06.pdf | P74: 2026-07-12 | Q74: IMD-LV-2025 | R74: structured
A75: RI-074 | B75: BM-149 | C75: Histamin Stuhl | D75: 0 | E75: reference_interval | F75: general_adult | H75: 600 | I75: ng/g | J75: ng/g | K75: < 600 | L75: IMD Berlin | M75: LAB | N75: Leistungsverzeichnis, Stand 12.02.2025 | O75: https://www.imd-berlin.de/fileadmin/user_upload/leistungsverzeichnis_druck/imd_leistungsverzeichnis_2025-03-06.pdf | P75: 2026-07-12 | Q75: IMD-LV-2025 | R75: structured
A76: RI-075 | B76: BM-177 | C76: Kalium | D76: 1 | E76: reference_interval | F76: general_adult | G76: 3.6 | H76: 5.5 | I76: mmol/l | J76: mmol/L | K76: 3,6-5,5 | L76: IMD Labor Berlin-Potsdam | M76: LAB | N76: Referenzbereiche Standort Potsdam, Stand 28.09.2015 | O76: https://www.imd-berlin.de/fileadmin/user_upload/leistungsverzeichnis_druck/09a_Referenzbereiche_Standort_Potsdam.pdf | P76: 2026-07-12 | Q76: IMD-POT-2015 | R76: structured
A77: RI-076 | B77: BM-184 | C77: Komplement CH50 / AP50 | D77: 0 | E77: reference_interval | F77: general_adult | G77: 69 | H77: 129 | I77: % | J77: % | K77: 69-129 | L77: IMD Berlin | M77: LAB | N77: Leistungsverzeichnis, Stand 12.02.2025 | O77: https://www.imd-berlin.de/fileadmin/user_upload/leistungsverzeichnis_druck/imd_leistungsverzeichnis_2025-03-06.pdf | P77: 2026-07-12 | Q77: IMD-LV-2025 | R77: structured
A78: RI-077 | B78: BM-190 | C78: LDL-Cholesterin | D78: 1 | E78: INTERPRETIVE_BAND_not_a_reference_interval | F78: interpretive_optimal | H78: 100 | I78: mg/dl | J78: mg/dL | K78: optimal < 100 · gut 100-129 · grenzwertig 130-159 · erhoeht 160-189 · pathologisch > 190 | L78: IMD Labor Berlin-Potsdam | M78: LAB | N78: Referenzbereiche Standort Potsdam, Stand 28.09.2015 | O78: https://www.imd-berlin.de/fileadmin/user_upload/leistungsverzeichnis_druck/09a_Referenzbereiche_Standort_Potsdam.pdf | P78: 2026-07-12 | Q78: IMD-POT-2015 | R78: structured
A79: RI-078 | B79: BM-190 | C79: LDL-Cholesterin | D79: 1 | E79: INTERPRETIVE_BAND_not_a_reference_interval | F79: interpretive_gut | G79: 100 | H79: 129 | I79: mg/dl | J79: mg/dL | K79: optimal < 100 · gut 100-129 · grenzwertig 130-159 · erhoeht 160-189 · pathologisch > 190 | L79: IMD Labor Berlin-Potsdam | M79: LAB | N79: Referenzbereiche Standort Potsdam, Stand 28.09.2015 | O79: https://www.imd-berlin.de/fileadmin/user_upload/leistungsverzeichnis_druck/09a_Referenzbereiche_Standort_Potsdam.pdf | P79: 2026-07-12 | Q79: IMD-POT-2015 | R79: structured
A80: RI-079 | B80: BM-190 | C80: LDL-Cholesterin | D80: 1 | E80: INTERPRETIVE_BAND_not_a_reference_interval | F80: interpretive_grenzwertig | G80: 130 | H80: 159 | I80: mg/dl | J80: mg/dL | K80: optimal < 100 · gut 100-129 · grenzwertig 130-159 · erhoeht 160-189 · pathologisch > 190 | L80: IMD Labor Berlin-Potsdam | M80: LAB | N80: Referenzbereiche Standort Potsdam, Stand 28.09.2015 | O80: https://www.imd-berlin.de/fileadmin/user_upload/leistungsverzeichnis_druck/09a_Referenzbereiche_Standort_Potsdam.pdf | P80: 2026-07-12 | Q80: IMD-POT-2015 | R80: structured
A81: RI-080 | B81: BM-190 | C81: LDL-Cholesterin | D81: 1 | E81: INTERPRETIVE_BAND_not_a_reference_interval | F81: interpretive_erhoeht | G81: 160 | H81: 189 | I81: mg/dl | J81: mg/dL | K81: optimal < 100 · gut 100-129 · grenzwertig 130-159 · erhoeht 160-189 · pathologisch > 190 | L81: IMD Labor Berlin-Potsdam | M81: LAB | N81: Referenzbereiche Standort Potsdam, Stand 28.09.2015 | O81: https://www.imd-berlin.de/fileadmin/user_upload/leistungsverzeichnis_druck/09a_Referenzbereiche_Standort_Potsdam.pdf | P81: 2026-07-12 | Q81: IMD-POT-2015 | R81: structured
A82: RI-081 | B82: BM-190 | C82: LDL-Cholesterin | D82: 1 | E82: INTERPRETIVE_BAND_not_a_reference_interval | F82: interpretive_pathologisch | G82: 190 | I82: mg/dl | J82: mg/dL | K82: optimal < 100 · gut 100-129 · grenzwertig 130-159 · erhoeht 160-189 · pathologisch > 190 | L82: IMD Labor Berlin-Potsdam | M82: LAB | N82: Referenzbereiche Standort Potsdam, Stand 28.09.2015 | O82: https://www.imd-berlin.de/fileadmin/user_upload/leistungsverzeichnis_druck/09a_Referenzbereiche_Standort_Potsdam.pdf | P82: 2026-07-12 | Q82: IMD-POT-2015 | R82: structured
A83: RI-082 | B83: BM-197 | C83: LH | D83: 1 | E83: reference_interval | F83: male | G83: 1.14 | H83: 8.75 | I83: U/l | J83: U/L | K83: m 1,14-8,75 · w Follikelphase 2,39-6,60 · Zyklusmitte 9,06-74,24 · Lutealphase 0,90-9,33 · Postmenopause 10,39-64,57 | L83: IMD Labor Berlin-Potsdam | M83: LAB | N83: Referenzbereiche Standort Potsdam, Stand 28.09.2015 | O83: https://www.imd-berlin.de/fileadmin/user_upload/leistungsverzeichnis_druck/09a_Referenzbereiche_Standort_Potsdam.pdf | P83: 2026-07-12 | Q83: IMD-POT-2015 | R83: structured
A84: RI-083 | B84: BM-197 | C84: LH | D84: 1 | E84: reference_interval | F84: female_Follikelphase | G84: 2.39 | H84: 6.6 | I84: U/l | J84: U/L | K84: m 1,14-8,75 · w Follikelphase 2,39-6,60 · Zyklusmitte 9,06-74,24 · Lutealphase 0,90-9,33 · Postmenopause 10,39-64,57 | L84: IMD Labor Berlin-Potsdam | M84: LAB | N84: Referenzbereiche Standort Potsdam, Stand 28.09.2015 | O84: https://www.imd-berlin.de/fileadmin/user_upload/leistungsverzeichnis_druck/09a_Referenzbereiche_Standort_Potsdam.pdf | P84: 2026-07-12 | Q84: IMD-POT-2015 | R84: structured
A85: RI-084 | B85: BM-258 | C85: Magnesium | D85: 1 | E85: reference_interval | F85: general_adult | G85: 0.75 | H85: 1.1 | I85: mmol/l | J85: mmol/L | K85: 0,75-1,10 | L85: IMD Labor Berlin-Potsdam | M85: LAB | N85: Referenzbereiche Standort Potsdam, Stand 28.09.2015 | O85: https://www.imd-berlin.de/fileadmin/user_upload/leistungsverzeichnis_druck/09a_Referenzbereiche_Standort_Potsdam.pdf | P85: 2026-07-12 | Q85: IMD-POT-2015 | R85: structured
A86: RI-085 | B86: BM-286 | C86: Natrium | D86: 1 | E86: reference_interval | F86: general_adult | G86: 135 | H86: 145 | I86: mmol/l | J86: mmol/L | K86: 135-145 | L86: IMD Labor Berlin-Potsdam | M86: LAB | N86: Referenzbereiche Standort Potsdam, Stand 28.09.2015 | O86: https://www.imd-berlin.de/fileadmin/user_upload/leistungsverzeichnis_druck/09a_Referenzbereiche_Standort_Potsdam.pdf | P86: 2026-07-12 | Q86: IMD-POT-2015 | R86: structured
A87: RI-086 | B87: BM-295 | C87: Östriol-Speichel | D87: 0 | E87: reference_interval | F87: male_age_18-76J | G87: 1.8 | H87: 10.4 | I87: pg/ml | J87: pg/mL | K87: m 18-76 J: 1,8-10,4 · w 15-54 J: 2,1-13,3 · w 55-81 J: 2,5-17,0 | L87: IMD Berlin | M87: LAB | N87: Leistungsverzeichnis, Stand 12.02.2025 | O87: https://www.imd-berlin.de/fileadmin/user_upload/leistungsverzeichnis_druck/imd_leistungsverzeichnis_2025-03-06.pdf | P87: 2026-07-12 | Q87: IMD-LV-2025 | R87: structured
A88: RI-087 | B88: BM-295 | C88: Östriol-Speichel | D88: 0 | E88: reference_interval | F88: female_age_15-54J | G88: 2.1 | H88: 13.3 | I88: pg/ml | J88: pg/mL | K88: m 18-76 J: 1,8-10,4 · w 15-54 J: 2,1-13,3 · w 55-81 J: 2,5-17,0 | L88: IMD Berlin | M88: LAB | N88: Leistungsverzeichnis, Stand 12.02.2025 | O88: https://www.imd-berlin.de/fileadmin/user_upload/leistungsverzeichnis_druck/imd_leistungsverzeichnis_2025-03-06.pdf | P88: 2026-07-12 | Q88: IMD-LV-2025 | R88: structured
A89: RI-088 | B89: BM-295 | C89: Östriol-Speichel | D89: 0 | E89: reference_interval | F89: female_age_55-81J | G89: 2.5 | H89: 17 | I89: pg/ml | J89: pg/mL | K89: m 18-76 J: 1,8-10,4 · w 15-54 J: 2,1-13,3 · w 55-81 J: 2,5-17,0 | L89: IMD Berlin | M89: LAB | N89: Leistungsverzeichnis, Stand 12.02.2025 | O89: https://www.imd-berlin.de/fileadmin/user_upload/leistungsverzeichnis_druck/imd_leistungsverzeichnis_2025-03-06.pdf | P89: 2026-07-12 | Q89: IMD-LV-2025 | R89: structured
A90: RI-089 | B90: BM-297 | C90: Pankreaselastase-Stuhl | D90: 0 | E90: reference_interval | F90: general_adult | G90: 200 | I90: µg/g | J90: ug/g | K90: > 200 | L90: IMD Berlin | M90: LAB | N90: Leistungsverzeichnis, Stand 12.02.2025 | O90: https://www.imd-berlin.de/fileadmin/user_upload/leistungsverzeichnis_druck/imd_leistungsverzeichnis_2025-03-06.pdf | P90: 2026-07-12 | Q90: IMD-LV-2025 | R90: structured
A91: RI-090 | B91: BM-303 | C91: Phosphat | D91: 0 | E91: reference_interval | F91: age_>18J | G91: 0.74 | H91: 1.52 | I91: mmol/l | J91: mmol/L | K91: > 18 J: 0,74-1,52 | L91: IMD Berlin | M91: LAB | N91: Leistungsverzeichnis, Stand 12.02.2025 | O91: https://www.imd-berlin.de/fileadmin/user_upload/leistungsverzeichnis_druck/imd_leistungsverzeichnis_2025-03-06.pdf | P91: 2026-07-12 | Q91: IMD-LV-2025 | R91: structured
A92: RI-091 | B92: BM-311 | C92: Progesteron | D92: 1 | E92: reference_interval | F92: female_Follikelphase | H92: 0.96 | I92: nmol/l | J92: nmol/L | K92: w Follikelphase < 0,96 · Zyklusmitte 0,0-70,1 · Lutealphase 3,8-50,6 · Postmenopause < 0,64 | L92: IMD Labor Berlin-Potsdam | M92: LAB | N92: Referenzbereiche Standort Potsdam, Stand 28.09.2015 | O92: https://www.imd-berlin.de/fileadmin/user_upload/leistungsverzeichnis_druck/09a_Referenzbereiche_Standort_Potsdam.pdf | P92: 2026-07-12 | Q92: IMD-POT-2015 | R92: structured
A93: RI-092 | B93: BM-312 | C93: Prolaktin | D93: 1 | E93: reference_interval | F93: male | G93: 3.46 | H93: 19.4 | I93: µg/l | J93: ug/L | K93: m 3,46-19,4 · w 5,18-26,53 | L93: IMD Labor Berlin-Potsdam | M93: LAB | N93: Referenzbereiche Standort Potsdam, Stand 28.09.2015 | O93: https://www.imd-berlin.de/fileadmin/user_upload/leistungsverzeichnis_druck/09a_Referenzbereiche_Standort_Potsdam.pdf | P93: 2026-07-12 | Q93: IMD-POT-2015 | R93: structured
A94: RI-093 | B94: BM-312 | C94: Prolaktin | D94: 1 | E94: reference_interval | F94: female | G94: 5.18 | H94: 26.53 | I94: µg/l | J94: ug/L | K94: m 3,46-19,4 · w 5,18-26,53 | L94: IMD Labor Berlin-Potsdam | M94: LAB | N94: Referenzbereiche Standort Potsdam, Stand 28.09.2015 | O94: https://www.imd-berlin.de/fileadmin/user_upload/leistungsverzeichnis_druck/09a_Referenzbereiche_Standort_Potsdam.pdf | P94: 2026-07-12 | Q94: IMD-POT-2015 | R94: structured
A95: RI-094 | B95: BM-358 | C95: Testosteron (gesamt) | D95: 1 | E95: reference_interval | F95: male | G95: 7.09 | H95: 32.9 | I95: nmol/l | J95: nmol/L | K95: m 7,09-32,9 · w 0,94-4,75 | L95: IMD Labor Berlin-Potsdam | M95: LAB | N95: Referenzbereiche Standort Potsdam, Stand 28.09.2015 | O95: https://www.imd-berlin.de/fileadmin/user_upload/leistungsverzeichnis_druck/09a_Referenzbereiche_Standort_Potsdam.pdf | P95: 2026-07-12 | Q95: IMD-POT-2015 | R95: structured
A96: RI-095 | B96: BM-358 | C96: Testosteron (gesamt) | D96: 1 | E96: reference_interval | F96: female | G96: 0.94 | H96: 4.75 | I96: nmol/l | J96: nmol/L | K96: m 7,09-32,9 · w 0,94-4,75 | L96: IMD Labor Berlin-Potsdam | M96: LAB | N96: Referenzbereiche Standort Potsdam, Stand 28.09.2015 | O96: https://www.imd-berlin.de/fileadmin/user_upload/leistungsverzeichnis_druck/09a_Referenzbereiche_Standort_Potsdam.pdf | P96: 2026-07-12 | Q96: IMD-POT-2015 | R96: structured
A97: RI-096 | B97: BM-383 | C97: Triglyceride | D97: 1 | E97: reference_interval | F97: general_adult | G97: 44 | H97: 150 | I97: mg/dl | J97: mg/dL | K97: 44-150 | L97: IMD Labor Berlin-Potsdam | M97: LAB | N97: Referenzbereiche Standort Potsdam, Stand 28.09.2015 | O97: https://www.imd-berlin.de/fileadmin/user_upload/leistungsverzeichnis_druck/09a_Referenzbereiche_Standort_Potsdam.pdf | P97: 2026-07-12 | Q97: IMD-POT-2015 | R97: structured
A98: RI-097 | B98: BM-386 | C98: TSH | D98: 1 | E98: reference_interval | F98: general_adult | G98: 0.35 | H98: 4.94 | I98: mIU/l | J98: m[IU]/L | K98: 0,35-4,94 (Graubereich 2,5-4,94) | L98: IMD Labor Berlin-Potsdam | M98: LAB | N98: Referenzbereiche Standort Potsdam, Stand 28.09.2015 | O98: https://www.imd-berlin.de/fileadmin/user_upload/leistungsverzeichnis_druck/09a_Referenzbereiche_Standort_Potsdam.pdf | P98: 2026-07-12 | Q98: IMD-POT-2015 | R98: structured
A99: RI-098 | B99: BM-394 | C99: Vitamin B12 | D99: 1 | E99: reference_interval | F99: age_>18J | G99: 187 | H99: 883 | I99: pg/ml | J99: pg/mL | K99: > 18 J: 187-883 | L99: IMD Berlin | M99: LAB | N99: Leistungsverzeichnis, Stand 12.02.2025 | O99: https://www.imd-berlin.de/fileadmin/user_upload/leistungsverzeichnis_druck/imd_leistungsverzeichnis_2025-03-06.pdf | P99: 2026-07-12 | Q99: IMD-LV-2025 | R99: structured
A101: ARCHITECTURAL NOTE (SAD v2.0, section 7 and invariant 3): a reference interval is NOT a property of a biomarker. It is a property of a specific assay on a specific instrument at a specific laboratory.
...

Sheet LOINC_Map
A1: biomarker_id | B1: name_de | C1: loinc_code | D1: loinc_name | E1: loinc_status | F1: unit_canonical | G1: in_core_set | H1: loinc_url | I1: review_record_status | J1: review_record_path
A2: BM-001 | B2: 17-Beta-Östradiol | C2: 14715-7 | D2: Estradiol (E2) [Moles/volume] in Serum or Plasma | E2: validated | F2: pmol/l | G2: 1 | H2: https://loinc.org/14715-7 | I2: UNVERIFIED | J2: docs/terminology/review-records/14715-7.md
A3: BM-014 | B3: Anti-Müller-Hormon (AMH) | C3: 83104-0 | D3: Mullerian inhibiting substance [Mass/volume] in Serum or Plasma by Immunoassay | E3: validated | F3: ng/ml | G3: 1 | H3: https://loinc.org/83104-0 | I3: UNVERIFIED | J3: docs/terminology/review-records/83104-0.md
A4: BM-057 | B4: Biotin (Vitamin B7) | C4: 1980-2 | D4: Biotin [Mass/volume] in Serum or Plasma | E4: validated | F4: ng/l | G4: 1 | H4: https://loinc.org/1980-2 | I4: UNVERIFIED | J4: docs/terminology/review-records/1980-2.md
A5: BM-060 | B5: Bor | C5: 52914-9 | D5: Boron [Moles/volume] in Serum or Plasma | E5: validated | F5: µg/l | G5: 1 | H5: https://loinc.org/52914-9 | I5: UNVERIFIED | J5: docs/terminology/review-records/52914-9.md
A6: BM-063 | B6: Calcium | C6: 2000-8 | D6: Calcium [Moles/volume] in Serum or Plasma | E6: validated | F6: mmol/l | G6: 1 | H6: https://loinc.org/2000-8 | I6: UNVERIFIED | J6: docs/terminology/review-records/2000-8.md
A7: BM-064 | B7: Calprotectin | C7: 38445-3 | D7: Calprotectin [Mass/mass] in Stool | E7: validated | F7: µg/g | G7: 1 | H7: https://loinc.org/38445-3 | I7: UNVERIFIED | J7: docs/terminology/review-records/38445-3.md
A8: BM-072 | B8: Cholesterin (gesamt) | C8: 2093-3 | D8: Cholesterol [Mass/volume] in Serum or Plasma | E8: validated | F8: mg/dl | G8: 1 | H8: https://loinc.org/2093-3 | I8: UNVERIFIED | J8: docs/terminology/review-records/2093-3.md
A9: BM-077 | B9: Cortisol | C9: 2143-6 | D9: Cortisol [Mass/volume] in Serum or Plasma | E9: validated | F9: ng/ml | G9: 1 | H9: https://loinc.org/2143-6 | I9: UNVERIFIED | J9: docs/terminology/review-records/2143-6.md
A10: BM-078 | B10: Creatinkinase (CK) | C10: 2157-6 | D10: Creatine kinase [Enzymatic activity/volume] in Serum or Plasma | E10: validated | F10: U/l | G10: 1 | H10: https://loinc.org/2157-6 | I10: UNVERIFIED | J10: docs/terminology/review-records/2157-6.md
A11: BM-079 | B11: CRP (hochsensitiv) | C11: 30522-7 | D11: C reactive protein [Mass/volume] in Serum or Plasma by High sensitivity method | E11: validated | F11: mg/l | G11: 1 | H11: https://loinc.org/30522-7 | I11: UNVERIFIED | J11: docs/terminology/review-records/30522-7.md
A12: BM-087 | B12: DHEA-S | C12: 2191-5 | D12: Dehydroepiandrosterone sulfate [Mass/volume] in Serum or Plasma | E12: validated | F12: ng/ml | G12: 1 | H12: https://loinc.org/2191-5 | I12: UNVERIFIED | J12: docs/terminology/review-records/2191-5.md
A13: BM-107 | B13: Ferritin | C13: 2276-4 | D13: Ferritin [Mass/volume] in Serum or Plasma | E13: validated | F13: ng/ml | G13: 1 | H13: https://loinc.org/2276-4 | I13: UNVERIFIED | J13: docs/terminology/review-records/2276-4.md
... A68: BM-436 | B68: Kreatinin | C68: 2160-0 | D68: Creatinine [Mass/volume] in Serum or Plasma | E68: validated | F68: mg/dl | G68: 1 | H68: https://loinc.org/2160-0 | I68: UNVERIFIED | J68: docs/terminology/review-records/2160-0.md
I69: UNVERIFIED | J69: docs/terminology/review-records/nan.md
A70: VALIDATION COMPLETE: All Anchor core-set LOINC codes verified on loinc.org. Non-core biomarkers are out_of_scope for LOINC in this deliverable. | I70: UNVERIFIED | J70: docs/terminology/review-records/nan.md
A72: Every code here is UNVERIFIED. Per the project rule, a code enters the repo only through a signed review record naming the reviewer, the source URL and the retrieval date. An AI check does not count.

Sheet Data_Quality_Findings
A1: finding_id | B1: area | C1: severity | D1: description | E1: proposed_resolution | F1: owner | G1: status
A2: F-01 | B2: Terminology | C2: BLOCKING | D2: BM-060 Bor sits on LOINC 52914-9 Boron [Moles/volume] but the unit is ug/L (mass). | E2: Re-code to a mass-property LOINC, or convert at ingestion. Recommend re-code. | F2: Martin / clinical reviewer | G2: OPEN
A3: F-02 | B3: Terminology | C3: BLOCKING | D3: BM-186 Kupfer sits on LOINC 14665-4 Copper [Moles/volume] but the unit is ug/L (mass). | E3: As F-01. | F3: Martin / clinical reviewer | G3: OPEN
A4: F-03 | B4: Terminology | C4: BLOCKING | D4: BM-405 Vitamin K sits on LOINC 58793-1 Phytonadione [Moles/volume] but the unit is ng/L (mass). | E4: As F-01. | F4: Martin / clinical reviewer | G4: OPEN
A5: F-04 | B5: Data pipeline | C5: HIGH | D5: FineTuned workbook lost the parsed low/high/population columns in Reference_Intervals: 98 populated rows became 0. Only free German prose remains. | E5: Restored in this file from the 2026-07-27 workbook. Fix the builder so the parse survives export. | F5: Peter | G5: RESOLVED_IN_THIS_FILE
A6: F-05 | B6: Data pipeline | C6: MEDIUM | D6: FineTuned Reference_Intervals dropped from 100 rows to 70. | E6: Restored from the 2026-07-27 workbook. | F6: Peter | G6: RESOLVED_IN_THIS_FILE
A7: F-06 | B7: Terminology | C7: HIGH | D7: All units were in German or local notation. G/l and T/l in particular mean 10*9/L and 10*12/L, not gauss and tesla per litre. | E7: unit_ucum column added for all 67. Must still be validated against a real UCUM grammar library in CI. | F7: Peter | G7: RESOLVED_IN_THIS_FILE
A8: F-07 | B8: Semantics | C8: HIGH | D8: organ_mapping was free text: 26 tokens, comma separated, no controlled vocabulary and no ontology binding. | E8: Closed 25-value region enum added on the Region_Enum sheet, plus a token crosswalk. | F8: Peter, confirm with Martin | G8: PROPOSED
A9: F-08 | B9: Semantics | C9: MEDIUM | D9: Four markers had no clean region target: BM-128 Glukose, BM-125 Gesamteiweiss, BM-156 Homocystein, BM-258 Magnesium. | E9: Overrides applied and flagged in the region_assignment column. Each needs confirming. | F9: Clinical reviewer | G9: OPEN
A10: F-09 | B10: Semantics | C10: LOW | D10: Three tokens carry no locational information: Systemic, Endocrine, Metabolic. | E10: Retire. See Organ_Mapping_Crosswalk. | F10: Peter | G10: PROPOSED
A11: F-10 | B11: Evidence | C11: MEDIUM | D11: The G-I-N RIS export is malformed. TY is used as a keyword field, UR holds a region name, AU holds emails and years. A standard parser produces nonsense. | E11: Re-export or convert to a JSON index with stable citation ids before the rule pack cites it. | F11: Peter | G11: OPEN
A12: F-11 | B12: Method | C12: LOW | D12: SAD Figure 11 shows Core tier 1 N=36 and Excluded 9. The workbook shows 35 and 10, with the Kreatinin panel moved to decomposition. | E12: Workbook is the later artefact. Update Figure 11 so the two agree. | F12: Peter | G12: OPEN
... A17: F-15 | B17: Data model | C17: MEDIUM | D17: Five rows in Reference_Intervals are interpretive bands (optimal, gut, grenzwertig, erhoeht, pathologisch), not reference intervals. They are already an interpretation. | E17: Tagged in the new record_kind column. Do not load them into the same field as measured intervals. | F17: Peter | G17: RESOLVED_IN_THIS_FILE

Sheet C3_Audit
A1: biomarker_id | B1: name_de | C1: c3_pass | D1: selection_status | E1: in_core_set | F1: guideline_evidence | G1: guideline_url
A2: BM-014 | B2: Anti-Müller-Hormon (AMH) | C2: =TRUE() -> TRUE | D2: core_tier2 | E2: =TRUE() -> TRUE | F2: NICE NG257 Fertility problems (2026): use AMH measurement as predictor of ovarian response in assisted conception | G2: https://www.nice.org.uk/guidance/ng257
A3: BM-057 | B3: Biotin (Vitamin B7) | C3: =TRUE() -> TRUE | D3: core_tier2 | E3: =TRUE() -> TRUE | F3: ESPEN micronutrient guideline Rec 19.2 (via AWMF 073-019 deferral): biotin status by direct blood/urine biotin + biotinidase | G3: https://doi.org/10.1016/j.clnu.2024.01.030
A4: BM-064 | B4: Calprotectin | C4: =TRUE() -> TRUE | D4: core_tier2 | E4: =TRUE() -> TRUE | F4: NICE DG11 Faecal calprotectin diagnostic tests for inflammatory diseases of the bowel | G4: https://www.nice.org.uk/guidance/dg11
A5: BM-076 | B5: Coenzym Q10 | C5: =FALSE() -> FALSE | D5: excluded_C3 | E5: =FALSE() -> FALSE | F5: No GIN-listed CPG names plasma/serum CoQ10 as a diagnostic measured parameter; ESPEN lists CoQ10 under non-DRI nutrients
A6: BM-078 | B6: Creatinkinase (CK) | C6: =TRUE() -> TRUE | D6: core_tier2 | E6: =TRUE() -> TRUE | F6: NICE NG238 CVD risk / lipid modification: measure creatine kinase before/on statin if unexplained muscle symptoms | G6: https://www.nice.org.uk/guidance/ng238
A7: BM-119 | B7: FSH | C7: =TRUE() -> TRUE | D7: core_tier2 | E7: =TRUE() -> TRUE | F7: NICE NG257: offer blood test to measure serum gonadotrophins (FSH and LH) in irregular cycles | G7: https://www.nice.org.uk/guidance/ng257
A8: BM-125 | B8: Gesamteiweiß | C8: =TRUE() -> TRUE | D8: core_tier2 | E8: =TRUE() -> TRUE | F8: AWMF 021-021 S2k Zöliakie: screen for Eiweiß (Hypoproteinämie) among deficiency parameters | G8: https://register.awmf.org/de/leitlinien/detail/021-021
A9: BM-136 | B9: Harnsäure | C9: =TRUE() -> TRUE | D9: core_tier2 | E9: =TRUE() -> TRUE | F9: NICE NG219 Gout: measure serum urate to confirm diagnosis and for ULT monitoring | G9: https://www.nice.org.uk/guidance/ng219
A10: BM-156 | B10: Homocystein | C10: =TRUE() -> TRUE | D10: core_tier2 | E10: =TRUE() -> TRUE | F10: NICE NG239 Vitamin B12 deficiency: measure plasma homocysteine | G10: https://www.nice.org.uk/guidance/ng239
A11: BM-197 | B11: LH | C11: =TRUE() -> TRUE | D11: core_tier2 | E11: =TRUE() -> TRUE | F11: NICE NG257: offer blood test to measure serum gonadotrophins (FSH and LH) in irregular cycles | G11: https://www.nice.org.uk/guidance/ng257
A12: BM-292 | B12: Omega-3-Fettsäuren | C12: =FALSE() -> FALSE | D12: excluded_C3 | E12: =FALSE() -> FALSE | F12: No NICE/AWMF/WHO/SIGN CPG names blood omega-3 index / fatty-acid panel as a measured clinical parameter
A13: BM-312 | B13: Prolaktin | C13: =TRUE() -> TRUE | D13: core_tier2 | E13: =TRUE() -> TRUE | F13: NICE NG257: measure prolactin when ovulatory disorder, galactorrhoea, or suspected pituitary tumour | G13: https://www.nice.org.uk/guidance/ng257
A14: BM-315 | B14: PSA | C14: =TRUE() -> TRUE | D14: core_tier2 | E14: =TRUE() -> TRUE | F14: NICE NG131 Prostate cancer: measure PSA for diagnosis pathway, active surveillance, and follow-up | G14: https://www.nice.org.uk/guidance/ng131
A15: BM-392 | B15: Vitamin A | C15: =TRUE() -> TRUE | D15: core_tier2 | E15: =TRUE() -> TRUE | F15: WHO NMH/NHD/MNM/11.3 serum retinol; ESPEN Rec 22.2: determine status by measuring serum retinol | G15: https://www.who.int/publications/i/item/WHO-NMH-NHD-MNM-11.3
A16: BM-393 | B16: Vitamin B1 (Thiamin) | C16: =TRUE() -> TRUE | D16: core_tier2 | E16: =TRUE() -> TRUE | F16: ESPEN micronutrient guideline Rec 14.2 (via AWMF 073-019): thiamine status by RBC/whole-blood ThDP | G16: https://doi.org/10.1016/j.clnu.2024.01.030
A17: BM-394 | B17: Vitamin B12 | C17: =TRUE() -> TRUE | D17: core_tier2 | E17: =TRUE() -> TRUE | F17: NICE NG239: use total B12 or active B12 as initial diagnostic test | G17: https://www.nice.org.uk/guidance/ng239
A18: BM-397 | B18: Vitamin B5 (Pantothensäure) | C18: =TRUE() -> TRUE | D18: core_tier2 | E18: =TRUE() -> TRUE | F18: ESPEN micronutrient guideline Rec 17 (via AWMF 073-019): pantothenic acid shall be determined in blood | G18: https://doi.org/10.1016/j.clnu.2024.01.030
A19: BM-398 | B19: Vitamin B6 | C19: =TRUE() -> TRUE | D19: core_tier2 | E19: =TRUE() -> TRUE | F19: AWMF 021-021 Zöliakie (Vitamin B6 deficiency screen); ESPEN Rec 18.2: status by plasma PLP | G19: https://register.awmf.org/de/leitlinien/detail/021-021
A20: BM-404 | B20: Vitamin E | C20: =TRUE() -> TRUE | D20: core_tier2 | E20: =TRUE() -> TRUE | F20: ESPEN micronutrient guideline Rec 25.2 (via AWMF 073-019): measure plasma α-tocopherol | G20: https://doi.org/10.1016/j.clnu.2024.01.030
A21: BM-405 | B21: Vitamin K | C21: =TRUE() -> TRUE | D21: core_tier2 | E21: =TRUE() -> TRUE | F21: ESPEN micronutrient guideline Rec 26 (via AWMF 073-019): vitamin K status may be measured in at-risk patients | G21: https://doi.org/10.1016/j.clnu.2024.01.030

Sheet Panel_Decomposition
A1: source_panel | B1: constituent | C1: provider_count | D1: c2_ok | E1: action | F1: in_core_set
A2: Großes Blutbild | B2: Hämoglobin | C2: 3 | D2: =TRUE() -> TRUE | E2: added_to_core | F2: =TRUE() -> TRUE
A3: Großes Blutbild | B3: Hämatokrit | C3: 3 | D3: =TRUE() -> TRUE | E3: added_to_core | F3: =TRUE() -> TRUE
A4: Großes Blutbild | B4: Erythrozyten | C4: 3 | D4: =TRUE() -> TRUE | E4: added_to_core | F4: =TRUE() -> TRUE
A5: Großes Blutbild | B5: Leukozyten | C5: 3 | D5: =TRUE() -> TRUE | E5: added_to_core | F5: =TRUE() -> TRUE
A6: Großes Blutbild | B6: Thrombozyten | C6: 3 | D6: =TRUE() -> TRUE | E6: added_to_core | F6: =TRUE() -> TRUE
A7: Großes Blutbild | B7: MCV | C7: 3 | D7: =TRUE() -> TRUE | E7: added_to_core | F7: =TRUE() -> TRUE
A8: Großes Blutbild | B8: MCH | C8: 3 | D8: =TRUE() -> TRUE | E8: added_to_core | F8: =TRUE() -> TRUE
A9: Großes Blutbild | B9: MCHC | C9: 3 | D9: =TRUE() -> TRUE | E9: added_to_core | F9: =TRUE() -> TRUE
A10: Kleines Blutbild | B10: Hämoglobin | C10: 2 | D10: =TRUE() -> TRUE | E10: skipped_already_in_catalogue | F10: =FALSE() -> FALSE
A11: Kleines Blutbild | B11: Hämatokrit | C11: 2 | D11: =TRUE() -> TRUE | E11: skipped_already_in_catalogue | F11: =FALSE() -> FALSE
A12: Kleines Blutbild | B12: Erythrozyten | C12: 2 | D12: =TRUE() -> TRUE | E12: skipped_already_in_catalogue | F12: =FALSE() -> FALSE
A13: Kleines Blutbild | B13: Leukozyten | C13: 2 | D13: =TRUE() -> TRUE | E13: skipped_already_in_catalogue | F13: =FALSE() -> FALSE
A14: Kleines Blutbild | B14: Thrombozyten | C14: 2 | D14: =TRUE() -> TRUE | E14: skipped_already_in_catalogue | F14: =FALSE() -> FALSE
A15: Immunglobuline (IgA/IgG/IgM) | B15: IgA | C15: 3 | D15: =TRUE() -> TRUE | E15: added_to_core | F15: =TRUE() -> TRUE
A16: Immunglobuline (IgA/IgG/IgM) | B16: IgG | C16: 3 | D16: =TRUE() -> TRUE | E16: added_to_core | F16: =TRUE() -> TRUE
A17: Immunglobuline (IgA/IgG/IgM) | B17: IgM | C17: 3 | D17: =TRUE() -> TRUE | E17: added_to_core | F17: =TRUE() -> TRUE
A18: Knochen-Crosslinks (CTX/Pyridinoline) | B18: CTX (Beta-Crosslaps) | C18: 3 | D18: =TRUE() -> TRUE | E18: added_to_core | F18: =TRUE() -> TRUE
A19: Knochen-Crosslinks (CTX/Pyridinoline) | B19: Desoxypyridinolin (DPD) | C19: 3 | D19: =TRUE() -> TRUE | E19: added_to_core | F19: =TRUE() -> TRUE
A20: Kreatinin / Nierenwerte | B20: Kreatinin | C20: 3 | D20: =TRUE() -> TRUE | E20: added_to_core | F20: =TRUE() -> TRUE
A21: Zöliakie-Diagnostik (tTG/EMA) | B21: tTG-IgA (Gewebe-Transglutaminase) | C21: 3 | D21: =FALSE() -> FALSE | E21: added_excluded_C2 | F21: =FALSE() -> FALSE
A22: Zöliakie-Diagnostik (tTG/EMA) | B22: EMA (Endomysium-Antikörper) | C22: 3 | D22: =FALSE() -> FALSE | E22: added_excluded_C2 | F22: =FALSE() -> FALSE

Sheet Exclusions
A1: biomarker_id | B1: name_de | C1: organ_mapping | D1: loinc_code | E1: loinc_name | F1: loinc_status | G1: unit_canonical | H1: number_format | I1: providers | J1: provider_count | K1: in_core_set | L1: core_set_rule | M1: selection_status | N1: source_panel | O1: exclusion_reason | P1: c3_gin_guideline | Q1: c3_guideline_url
A2: BM-002 | B2: 8-OHdG Urin | C2: Systemic | F2: out_of_scope | G2: µmol/mol Krea | H2: 1.234,000 | I2: IMD | J2: 1 | K2: =FALSE() -> FALSE | M2: excluded_single_provider | O2: C1: offered by only 1 of 3 providers — not admitted
A3: BM-003 | B3: ACE2-AAk | C3: Systemic | F3: out_of_scope | H3: 1.234,000 | I3: IMD | J3: 1 | K3: =FALSE() -> FALSE | M3: excluded_single_provider | O3: C1: offered by only 1 of 3 providers — not admitted
A4: BM-004 | B4: ADMA | C4: Systemic | F4: out_of_scope | G4: µg/l | H4: 1.234,000 | I4: Limbach | J4: 1 | K4: =FALSE() -> FALSE | M4: excluded_single_provider | O4: C1: offered by only 1 of 3 providers — not admitted
A5: BM-005 | B5: AGE | C5: Systemic | F5: out_of_scope | G5: µg/ml | H5: 1.234,000 | I5: IMD | J5: 1 | K5: =FALSE() -> FALSE | M5: excluded_single_provider | O5: C1: offered by only 1 of 3 providers — not admitted
A6: BM-006 | B6: ALEX2 | C6: Systemic | F6: out_of_scope | H6: 1.234,000 | I6: Meinlabor | J6: 1 | K6: =FALSE() -> FALSE | M6: excluded_single_provider | O6: C1: offered by only 1 of 3 providers — not admitted
A7: BM-007 | B7: Alkalische Phosphatase (AP) | C7: Systemic | F7: out_of_scope | G7: U/l | H7: 1.234,000 | I7: Limbach | J7: 1 | K7: =FALSE() -> FALSE | M7: excluded_single_provider | O7: C1: offered by only 1 of 3 providers — not admitted
A8: BM-008 | B8: Allergiescreening - Blot Panel Atopie (IgE) | C8: Systemic | F8: out_of_scope | H8: 1.234,000 | I8: IMD | J8: 1 | K8: =FALSE() -> FALSE | M8: excluded_single_provider | O8: C1: offered by only 1 of 3 providers — not admitted
A9: BM-009 | B9: Allergiescreening - Blot Panel Nahrungsmittel (IgE) | C9: Systemic | F9: out_of_scope | H9: 1.234,000 | I9: IMD | J9: 1 | K9: =FALSE() -> FALSE | M9: excluded_single_provider | O9: C1: offered by only 1 of 3 providers — not admitted
A10: BM-010 | B10: Aminosäure | C10: Systemic | F10: out_of_scope | H10: 1.234,000 | I10: IMD | J10: 1 | K10: =FALSE() -> FALSE | M10: excluded_single_provider | O10: C1: offered by only 1 of 3 providers — not admitted
A11: BM-011 | B11: Amphetamine/Ecstasy | C11: Systemic | F11: out_of_scope | H11: 1.234,000 | I11: Limbach | J11: 1 | K11: =FALSE() -> FALSE | M11: excluded_single_provider | O11: C1: offered by only 1 of 3 providers — not admitted
A12: BM-012 | B12: Androstendion | C12: Systemic | F12: out_of_scope | G12: ng/ml | H12: 1.234,000 | I12: Meinlabor | J12: 1 | K12: =FALSE() -> FALSE | M12: excluded_single_provider | O12: C1: offered by only 1 of 3 providers — not admitted
A13: BM-013 | B13: Angiotensin-II-Rezeptor-I-Antikörper | C13: Systemic | F13: out_of_scope | H13: 1.234,000 | I13: IMD | J13: 1 | K13: =FALSE() -> FALSE | M13: excluded_single_provider | O13: C1: offered by only 1 of 3 providers — not admitted
A14: BM-015 | B14: Antioxidantien Plus - Mikronährstoffprofil | C14: Systemic | F14: out_of_scope | H14: 1.234,000 | I14: IMD | J14: 1 | K14: =FALSE() -> FALSE | M14: excluded_single_provider | O14: C1: offered by only 1 of 3 providers — not admitted
A15: BM-016 | B15: Antioxidative Kapazität - Basisprofil | C15: Systemic | F15: out_of_scope | H15: 1.234,000 | I15: IMD | J15: 1 | K15: =FALSE() -> FALSE | M15: excluded_single_provider | O15: C1: offered by only 1 of 3 providers — not admitted
A16: BM-017 | B16: Antithrombin-Aktivität | C16: Systemic | F16: out_of_scope | H16: 1.234,000 | I16: Limbach | J16: 1 | K16: =FALSE() -> FALSE | M16: excluded_single_provider | O16: C1: offered by only 1 of 3 providers — not admitted
A17: BM-018 | B17: APC-Resistenz | C17: Systemic | F17: out_of_scope | G17: Ratio | H17: 1.234,000 | I17: Limbach | J17: 1 | K17: =FALSE() -> FALSE | M17: excluded_single_provider | O17: C1: offered by only 1 of 3 providers — not admitted
A18: BM-019 | B18: Apolipoprotein B | C18: Cardiometabolic, Hepatic | F18: out_of_scope | G18: g/l | H18: 1.234,000 | I18: IMD | J18: 1 | K18: =FALSE() -> FALSE | M18: excluded_single_provider | O18: C1: offered by only 1 of 3 providers — not admitted
A19: BM-020 | B19: Apolipoprotein E | C19: Cardiometabolic, Hepatic | F19: out_of_scope | H19: 1.234,000 | I19: IMD | J19: 1 | K19: =FALSE() -> FALSE | M19: excluded_single_provider | O19: C1: offered by only 1 of 3 providers — not admitted
A20: BM-021 | B20: Arteriosklerose-Profil | C20: Systemic | F20: out_of_scope | H20: 1.234,000 | I20: IMD | J20: 1 | K20: =FALSE() -> FALSE | M20: excluded_single_provider | O20: C1: offered by only 1 of 3 providers — not admitted
A21: BM-022 | B21: Asthma/Rhinitis | C21: Systemic | F21: out_of_scope | H21: 1.234,000 | I21: IMD | J21: 1 | K21: =FALSE() -> FALSE | M21: excluded_single_provider | O21: C1: offered by only 1 of 3 providers — not admitted
A22: BM-023 | B22: Asthma/Rhinitis - Frühling | C22: Systemic | F22: out_of_scope | H22: 1.234,000 | I22: IMD | J22: 1 | K22: =FALSE() -> FALSE | M22: excluded_single_provider | O22: C1: offered by only 1 of 3 providers — not admitted
A23: BM-024 | B23: Asthma/Rhinitis - Frühsommer | C23: Systemic | F23: out_of_scope | H23: 1.234,000 | I23: IMD | J23: 1 | K23: =FALSE() -> FALSE | M23: excluded_single_provider | O23: C1: offered by only 1 of 3 providers — not admitted
A24: BM-025 | B24: Asthma/Rhinitis - Spätsommer | C24: Systemic | F24: out_of_scope | H24: 1.234,000 | I24: IMD | J24: 1 | K24: =FALSE() -> FALSE | M24: excluded_single_provider | O24: C1: offered by only 1 of 3 providers — not admitted
A25: BM-026 | B25: ATP intrazellulär | C25: Systemic | F25: out_of_scope | G25: µM | H25: 1.234,000 | I25: IMD | J25: 1 | K25: =FALSE() -> FALSE | M25: excluded_single_provider | O25: C1: offered by only 1 of 3 providers — not admitted
A26: BM-027 | B26: B-Vitamin-Status bioaktiv - großes Profil | C26: Nutritional, Systemic | F26: out_of_scope | H26: 1.234,000 | I26: IMD | J26: 1 | K26: =FALSE() -> FALSE | M26: excluded_single_provider | O26: C1: offered by only 1 of 3 providers — not admitted
A27: BM-028 | B27: B-Vitamin-Status bioaktiv - kleines Profil | C27: Nutritional, Systemic | F27: out_of_scope | H27: 1.234,000 | I27: IMD | J27: 1 | K27: =FALSE() -> FALSE | M27: excluded_single_provider | O27: C1: offered by only 1 of 3 providers — not admitted
A28: BM-029 | B28: Babesien (microti, divergens) IgG Antikörper | C28: Systemic | F28: out_of_scope | H28: 1.234,000 | I28: IMD | J28: 1 | K28: =FALSE() -> FALSE | M28: excluded_single_provider | O28: C1: offered by only 1 of 3 providers — not admitted
A29: BM-030 | B29: Bartonella henselae IgG, IgM Antikörper | C29: Systemic | F29: out_of_scope | H29: 1.234,000 | I29: IMD | J29: 1 | K29: =FALSE() -> FALSE | M29: excluded_single_provider | O29: C1: offered by only 1 of 3 providers — not admitted
A30: BM-031 | B30: Basophilenaktivierungs (BAT) auf Agar | C30: Systemic | F30: out_of_scope | H30: 1.234,000 | I30: IMD | J30: 1 | K30: =FALSE() -> FALSE | M30: excluded_single_provider | O30: C1: offered by only 1 of 3 providers — not admitted
A31: BM-032 | B31: Basophilenaktivierungs (BAT) auf Amaranth E123 | C31: Systemic | F31: out_of_scope | H31: 1.234,000 | I31: IMD | J31: 1 | K31: =FALSE() -> FALSE | M31: excluded_single_provider | O31: C1: offered by only 1 of 3 providers — not admitted
A32: BM-033 | B32: Basophilenaktivierungs (BAT) auf Azorubin E122 | C32: Systemic | F32: out_of_scope | H32: 1.234,000 | I32: IMD | J32: 1 | K32: =FALSE() -> FALSE | M32: excluded_single_provider | O32: C1: offered by only 1 of 3 providers — not admitted
A33: BM-034 | B33: Basophilenaktivierungs (BAT) auf Benzoesäure (Na-Benzoat) | C33: Systemic | F33: out_of_scope | H33: 1.234,000 | I33: IMD | J33: 1 | K33: =FALSE() -> FALSE | M33: excluded_single_provider | O33: C1: offered by only 1 of 3 providers — not admitted
A34: BM-035 | B34: Basophilenaktivierungs (BAT) auf Brillant Schwarz E151 | C34: Systemic | F34: out_of_scope | H34: 1.234,000 | I34: IMD | J34: 1 | K34: =FALSE() -> FALSE | M34: excluded_single_provider | O34: C1: offered by only 1 of 3 providers — not admitted
A35: BM-036 | B35: Basophilenaktivierungs (BAT) auf Carboxymethylcellulose | C35: Systemic | F35: out_of_scope | H35: 1.234,000 | I35: IMD | J35: 1 | K35: =FALSE() -> FALSE | M35: excluded_single_provider | O35: C1: offered by only 1 of 3 providers — not admitted
A36: BM-037 | B36: Basophilenaktivierungs (BAT) auf Chinolin Gelb E104 | C36: Systemic | F36: out_of_scope | H36: 1.234,000 | I36: IMD | J36: 1 | K36: =FALSE() -> FALSE | M36: excluded_single_provider | O36: C1: offered by only 1 of 3 providers — not admitted
A37: BM-038 | B37: Basophilenaktivierungs (BAT) auf Chlorhexidine | C37: Systemic | F37: out_of_scope | H37: 1.234,000 | I37: IMD | J37: 1 | K37: =FALSE() -> FALSE | M37: excluded_single_provider | O37: C1: offered by only 1 of 3 providers — not admitted
... A50: BM-051 | B50: BAT Nahrungsmittelzusatzstoffe II | C50: Systemic | F50: out_of_scope | H50: 1.234,000 | I50: IMD | J50: 1 | K50: =FALSE() -> FALSE | M50: excluded_single_provider | O50: C1: offered by only 1 of 3 providers — not admitted
A51: BM-052 | B51: BDNF (Brain-Derived Neurotrophic Factor) | C51: Systemic | F51: out_of_scope | G51: ng/ml | H51: 1.234,000 | I51: IMD | J51: 1 | K51: =FALSE() -> FALSE | M51: excluded_single_provider | O51: C1: offered by only 1 of 3 providers — not admitted
A52: BM-053 | B52: Belastungssteuerung - Basis-Profil | C52: Systemic | F52: out_of_scope | H52: 1.234,000 | I52: IMD | J52: 1 | K52: =FALSE() -> FALSE | M52: excluded_single_provider | O52: C1: offered by only 1 of 3 providers — not admitted
A53: BM-054 | B53: Belastungssteuerung - Performance-Profil | C53: Systemic | F53: out_of_scope | H53: 1.234,000 | I53: IMD | J53: 1 | K53: =FALSE() -> FALSE | M53: excluded_single_provider | O53: C1: offered by only 1 of 3 providers — not admitted
A54: BM-055 | B54: Beta-Defensin 2 Stuhl | C54: Systemic | F54: out_of_scope | G54: ng/g | H54: 1.234,000 | I54: IMD | J54: 1 | K54: =FALSE() -> FALSE | M54: excluded_single_provider | O54: C1: offered by only 1 of 3 providers — not admitted
A55: BM-056 | B55: Bilirubin | C55: Systemic | F55: out_of_scope | G55: mg/dl | H55: 1.234,000 | I55: Meinlabor | J55: 1 | K55: =FALSE() -> FALSE | M55: excluded_single_provider | O55: C1: offered by only 1 of 3 providers — not admitted
A56: BM-058 | B56: Birke | C56: Systemic | F56: out_of_scope | H56: 1.234,000 | I56: Limbach | J56: 1 | K56: =FALSE() -> FALSE | M56: excluded_single_provider | O56: C1: offered by only 1 of 3 providers — not admitted
A57: BM-059 | B57: Blei | C57: Systemic | F57: out_of_scope | G57: µg/l | H57: 1.234,000 | I57: Limbach | J57: 1 | K57: =FALSE() -> FALSE | M57: excluded_single_provider | O57: C1: offered by only 1 of 3 providers — not admitted
A58: BM-061 | B58: Borreliose (Borrelien) | C58: Micronutrient, Systemic | F58: out_of_scope | H58: 1.234,000 | I58: IMD | J58: 1 | K58: =FALSE() -> FALSE | M58: excluded_single_provider | O58: C1: offered by only 1 of 3 providers — not admitted
A59: BM-062 | B59: Cadmium | C59: Systemic | F59: out_of_scope | G59: µg/l | H59: 1.234,000 | I59: Limbach | J59: 1 | K59: =FALSE() -> FALSE | M59: excluded_single_provider | O59: C1: offered by only 1 of 3 providers — not admitted
A60: BM-065 | B60: Candida albicans | C60: Systemic | F60: out_of_scope | H60: 1.234,000 | I60: Limbach | J60: 1 | K60: =FALSE() -> FALSE | M60: excluded_single_provider | O60: C1: offered by only 1 of 3 providers — not admitted
A61: BM-066 | B61: Candida parapsilosis | C61: Systemic | F61: out_of_scope | H61: 1.234,000 | I61: Limbach | J61: 1 | K61: =FALSE() -> FALSE | M61: excluded_single_provider | O61: C1: offered by only 1 of 3 providers — not admitted
A62: BM-067 | B62: Cannabinoide | C62: Systemic | F62: out_of_scope | H62: 1.234,000 | I62: Limbach | J62: 1 | K62: =FALSE() -> FALSE | M62: excluded_single_provider | O62: C1: offered by only 1 of 3 providers — not admitted
A63: BM-068 | B63: Carnitin | C63: Systemic | F63: out_of_scope | G63: µmol/l | H63: 1.234,000 | I63: IMD | J63: 1 | K63: =FALSE() -> FALSE | M63: excluded_single_provider | O63: C1: offered by only 1 of 3 providers — not admitted
A64: BM-069 | B64: CD57+ NK-Zellen | C64: Systemic | F64: out_of_scope | G64: /µl | H64: 1.234,000 | I64: IMD | J64: 1 | K64: =FALSE() -> FALSE | M64: excluded_single_provider | O64: C1: offered by only 1 of 3 providers — not admitted
A65: BM-070 | B65: CDT (Alkoholmarker) | C65: Systemic | F65: out_of_scope | G65: % | H65: 1.234,000 | I65: Limbach | J65: 1 | K65: =FALSE() -> FALSE | M65: excluded_single_provider | O65: C1: offered by only 1 of 3 providers — not admitted
A66: BM-071 | B66: Chlorid | C66: Systemic | F66: out_of_scope | G66: mmol/l | H66: 1.234,000 | I66: Limbach | J66: 1 | K66: =FALSE() -> FALSE | M66: excluded_single_provider | O66: C1: offered by only 1 of 3 providers — not admitted
A67: BM-073 | B67: Chrom | C67: Systemic | F67: out_of_scope | G67: µg/l | H67: 1.234,000 | I67: Limbach | J67: 1 | K67: =FALSE() -> FALSE | M67: excluded_single_provider | O67: C1: offered by only 1 of 3 providers — not admitted
A68: BM-074 | B68: Chronische Entzündung | C68: Systemic | F68: out_of_scope | H68: 1.234,000 | I68: IMD | J68: 1 | K68: =FALSE() -> FALSE | M68: excluded_single_provider | O68: C1: offered by only 1 of 3 providers — not admitted
A69: BM-075 | B69: Cobalt | C69: Systemic | F69: out_of_scope | H69: 1.234,000 | I69: Limbach | J69: 1 | K69: =FALSE() -> FALSE | M69: excluded_single_provider | O69: C1: offered by only 1 of 3 providers — not admitted
A70: BM-076 | B70: Coenzym Q10 | C70: Systemic | F70: out_of_scope | G70: mg/l | H70: 1.234,000 | I70: IMD, Limbach | J70: 2 | K70: =FALSE() -> FALSE | L70: C1prime | M70: excluded_C3 | O70: C3 fail: No GIN-listed CPG names plasma/serum CoQ10 as a diagnostic measured parameter; ESPEN lists CoQ10 under non-DRI nutrients | P70: No GIN-listed CPG names plasma/serum CoQ10 as a diagnostic measured parameter; ESPEN lists CoQ10 under non-DRI nutrients
A71: BM-080 | B71: CXCR3-Rezeptor-Antikörper | C71: Systemic | F71: out_of_scope | H71: 1.234,000 | I71: IMD | J71: 1 | K71: =FALSE() -> FALSE | M71: excluded_single_provider | O71: C1: offered by only 1 of 3 providers — not admitted
A72: BM-081 | B72: Cystatin C | C72: Systemic | F72: out_of_scope | G72: mg/l | H72: 1.234,000 | I72: IMD | J72: 1 | K72: =FALSE() -> FALSE | M72: excluded_single_provider | O72: C1: offered by only 1 of 3 providers — not admitted
A73: BM-082 | B73: Cytomegalievirus (CMV) | C73: Systemic | F73: out_of_scope | H73: 1.234,000 | I73: IMD, Limbach | J73: 2 | K73: =FALSE() -> FALSE | M73: excluded_C2_from_two_provider | O73: C2 serology
A74: BM-083 | B74: DAO-Aktivität (Histamin-Abbau) | C74: Systemic | F74: out_of_scope | H74: 1.234,000 | I74: IMD | J74: 1 | K74: =FALSE() -> FALSE | M74: excluded_single_provider | O74: C1: offered by only 1 of 3 providers — not admitted
A75: BM-084 | B75: DAO-Konzentration (Histamin-Abbau-Enzym) | C75: Systemic | F75: out_of_scope | H75: 1.234,000 | I75: IMD | J75: 1 | K75: =FALSE() -> FALSE | M75: excluded_single_provider | O75: C1: offered by only 1 of 3 providers — not admitted
A76: BM-085 | B76: Darmflora-Basisuntersuchung (Quantitatives Mikrobiotaprofil) | C76: Systemic | F76: out_of_scope | H76: 1.234,000 | I76: IMD | J76: 1 | K76: =FALSE() -> FALSE | M76: excluded_single_provider | O76: C1: offered by only 1 of 3 providers — not admitted
A77: BM-086 | B77: Darmparasiten: Stuhluntersuchung auf Parasiten, Würmer und Wurmeier | C77: Systemic | F77: out_of_scope | H77: 1.234,000 | I77: IMD | J77: 1 | K77: =FALSE() -> FALSE | M77: excluded_single_provider | O77: C1: offered by only 1 of 3 providers — not admitted
A78: BM-088 | B78: Diabetes-Check | C78: Systemic | F78: out_of_scope | H78: 1.234,000 | I78: IMD | J78: 1 | K78: =FALSE() -> FALSE | M78: excluded_single_provider | O78: C1: offered by only 1 of 3 providers — not admitted
A79: BM-089 | B79: Diphtherie-Ak | C79: Systemic | F79: out_of_scope | H79: 1.234,000 | I79: Limbach, Meinlabor | J79: 2 | K79: =FALSE() -> FALSE | M79: excluded_C2_from_two_provider | O79: C2 serology
A80: BM-090 | B80: ECP | C80: Systemic | F80: out_of_scope | G80: µg/l | H80: 1.234,000 | I80: IMD | J80: 1 | K80: =FALSE() -> FALSE | M80: excluded_single_provider | O80: C1: offered by only 1 of 3 providers — not admitted
A81: BM-091 | B81: Ehrlichia Antikörper | C81: Systemic | F81: out_of_scope | H81: 1.234,000 | I81: IMD | J81: 1 | K81: =FALSE() -> FALSE | M81: excluded_single_provider | O81: C1: offered by only 1 of 3 providers — not admitted
A82: BM-092 | B82: Eisen | C82: Systemic | F82: out_of_scope | G82: µmol/l | H82: 1.234,000 | I82: Limbach | J82: 1 | K82: =FALSE() -> FALSE | M82: excluded_single_provider | O82: C1: offered by only 1 of 3 providers — not admitted
A83: BM-093 | B83: Eisenstoffwechsel | C83: Systemic | F83: out_of_scope | H83: 1.234,000 | I83: IMD | J83: 1 | K83: =FALSE() -> FALSE | M83: excluded_single_provider | O83: C1: offered by only 1 of 3 providers — not admitted
A84: BM-094 | B84: Eiweißelektrophorese | C84: Systemic | F84: out_of_scope | H84: 1.234,000 | I84: Limbach | J84: 1 | K84: =FALSE() -> FALSE | M84: excluded_single_provider | O84: C1: offered by only 1 of 3 providers — not admitted
A85: BM-095 | B85: Ekzem-Auslöser (IgE) | C85: Systemic | F85: out_of_scope | H85: 1.234,000 | I85: IMD | J85: 1 | K85: =FALSE() -> FALSE | M85: excluded_single_provider | O85: C1: offered by only 1 of 3 providers — not admitted
A86: BM-096 | B86: Endothelin-Rezeptor-A-Antikörper | C86: Systemic | F86: out_of_scope | H86: 1.234,000 | I86: IMD | J86: 1 | K86: =FALSE() -> FALSE | M86: excluded_single_provider | O86: C1: offered by only 1 of 3 providers — not admitted
A87: BM-097 | B87: Energiehaushalt | C87: Systemic | F87: out_of_scope | H87: 1.234,000 | I87: IMD | J87: 1 | K87: =FALSE() -> FALSE | M87: excluded_single_provider | O87: C1: offered by only 1 of 3 providers — not admitted
A88: BM-098 | B88: Entgiftungskapazitäts | C88: Systemic | F88: out_of_scope | H88: 1.234,000 | I88: IMD | J88: 1 | K88: =FALSE() -> FALSE | M88: excluded_single_provider | O88: C1: offered by only 1 of 3 providers — not admitted
A89: BM-099 | B89: Epidermophyton floccosum | C89: Systemic | F89: out_of_scope | H89: 1.234,000 | I89: Limbach | J89: 1 | K89: =FALSE() -> FALSE | M89: excluded_single_provider | O89: C1: offered by only 1 of 3 providers — not admitted
A90: BM-100 | B90: Epstein-Barr-Virus (EBV) | C90: Systemic | F90: out_of_scope | H90: 1.234,000 | I90: IMD | J90: 1 | K90: =FALSE() -> FALSE | M90: excluded_single_provider | O90: C1: offered by only 1 of 3 providers — not admitted
A91: BM-101 | B91: EPX-Stuhl | C91: Systemic | F91: out_of_scope | G91: ng/g | H91: 1.234,000 | I91: IMD | J91: 1 | K91: =FALSE() -> FALSE | M91: excluded_single_provider | O91: C1: offered by only 1 of 3 providers — not admitted
A92: BM-102 | B92: Erdnuss | C92: Systemic | F92: out_of_scope | H92: 1.234,000 | I92: Limbach | J92: 1 | K92: =FALSE() -> FALSE | M92: excluded_single_provider | O92: C1: offered by only 1 of 3 providers — not admitted
A93: BM-103 | B93: Estron | C93: Systemic | F93: out_of_scope | H93: 1.234,000 | I93: Limbach | J93: 1 | K93: =FALSE() -> FALSE | M93: excluded_single_provider | O93: C1: offered by only 1 of 3 providers — not admitted
A94: BM-104 | B94: Ethylglucuronid (EtG) | C94: Systemic | F94: out_of_scope | G94: mg/l | H94: 1.234,000 | I94: Limbach | J94: 1 | K94: =FALSE() -> FALSE | M94: excluded_single_provider | O94: C1: offered by only 1 of 3 providers — not admitted
A95: BM-105 | B95: Faktor-II-Mutation | C95: Systemic | F95: out_of_scope | H95: 1.234,000 | I95: Limbach | J95: 1 | K95: =FALSE() -> FALSE | M95: excluded_single_provider | O95: C1: offered by only 1 of 3 providers — not admitted
A96: BM-106 | B96: Faktor-V-Leiden-Mutation | C96: Systemic | F96: out_of_scope | H96: 1.234,000 | I96: Limbach | J96: 1 | K96: =FALSE() -> FALSE | M96: excluded_single_provider | O96: C1: offered by only 1 of 3 providers — not admitted
A97: BM-108 | B97: Fettstoffwechsel Basis | C97: Systemic | F97: out_of_scope | H97: 1.234,000 | I97: IMD | J97: 1 | K97: =FALSE() -> FALSE | M97: excluded_single_provider | O97: C1: offered by only 1 of 3 providers — not admitted
A98: BM-109 | B98: Fettstoffwechsel Plus | C98: Systemic | F98: out_of_scope | H98: 1.234,000 | I98: IMD | J98: 1 | K98: =FALSE() -> FALSE | M98: excluded_single_provider | O98: C1: offered by only 1 of 3 providers — not admitted
A99: BM-110 | B99: FGF23 (intakt) | C99: Systemic | F99: out_of_scope | H99: 1.234,000 | I99: IMD | J99: 1 | K99: =FALSE() -> FALSE | M99: excluded_single_provider | O99: C1: offered by only 1 of 3 providers — not admitted
A100: BM-112 | B100: Freier Androgenindex | C100: Systemic | F100: out_of_scope | H100: 1.234,000 | I100: Limbach | J100: 1 | K100: =FALSE() -> FALSE | M100: excluded_single_provider | O100: C1: offered by only 1 of 3 providers — not admitted
A101: BM-113 | B101: Freies Spike Protein | C101: Systemic | F101: out_of_scope | G101: pg/ml | H101: 1.234,000 | I101: IMD | J101: 1 | K101: =FALSE() -> FALSE | M101: excluded_single_provider | O101: C1: offered by only 1 of 3 providers — not admitted
A102: BM-116 | B102: Freies Testosteron | C102: Systemic | F102: out_of_scope | H102: 1.234,000 | I102: IMD | J102: 1 | K102: =FALSE() -> FALSE | M102: excluded_single_provider | O102: C1: offered by only 1 of 3 providers — not admitted
A103: BM-117 | B103: Freies Vitamin D | C103: Nutritional, Systemic | F103: out_of_scope | G103: pg/ml | H103: 1.234,000 | I103: IMD | J103: 1 | K103: =FALSE() -> FALSE | M103: excluded_single_provider | O103: C1: offered by only 1 of 3 providers — not admitted
A104: BM-118 | B104: Fruktoseintoleranz | C104: Systemic | F104: out_of_scope | H104: 1.234,000 | I104: IMD, Limbach | J104: 2 | K104: =FALSE() -> FALSE | M104: excluded_C2_from_two_provider | O104: C2 functional assay
A105: BM-120 | B105: FSME | C105: Systemic | F105: out_of_scope | H105: 1.234,000 | I105: IMD, Limbach, Meinlabor | J105: 3 | K105: =FALSE() -> FALSE | M105: excluded_C2_from_intersection | O105: C2 qualitative serology
A106: BM-121 | B106: Funktionelle Mikrobiom-Untersuchung (Funktionelles Mikrobiotaprofil) | C106: Systemic | F106: out_of_scope | H106: 1.234,000 | I106: IMD | J106: 1 | K106: =FALSE() -> FALSE | M106: excluded_single_provider | O106: C1: offered by only 1 of 3 providers — not admitted
A107: BM-122 | B107: Gallensäure-Stuhl | C107: Systemic | F107: out_of_scope | G107: µmol/g | H107: 1.234,000 | I107: IMD | J107: 1 | K107: =FALSE() -> FALSE | M107: excluded_single_provider | O107: C1: offered by only 1 of 3 providers — not admitted
A108: BM-124 | B108: GDF15 | C108: Systemic | F108: out_of_scope | G108: pg/ml | H108: 1.234,000 | I108: IMD | J108: 1 | K108: =FALSE() -> FALSE | M108: excluded_single_provider | O108: C1: offered by only 1 of 3 providers — not admitted
A109: BM-126 | B109: Gesamtprofil - Mineralstoffe und toxische Metalle 11+28 | C109: Systemic | F109: out_of_scope | H109: 1.234,000 | I109: IMD | J109: 1 | K109: =FALSE() -> FALSE | M109: excluded_single_provider | O109: C1: offered by only 1 of 3 providers — not admitted
A110: BM-127 | B110: Glukokortikoid Rezeptor-Aktivitäts (GR-Aktivität) | C110: Systemic | F110: out_of_scope | H110: 1.234,000 | I110: IMD | J110: 1 | K110: =FALSE() -> FALSE | M110: excluded_single_provider | O110: C1: offered by only 1 of 3 providers — not admitted
A111: BM-129 | B111: Glutathion intrazellulär | C111: Systemic | F111: out_of_scope | G111: mfi | H111: 1.234,000 | I111: IMD | J111: 1 | K111: =FALSE() -> FALSE | M111: excluded_single_provider | O111: C1: offered by only 1 of 3 providers — not admitted
A112: BM-131 | B112: GPCR-Antikörper-Profil | C112: Systemic | F112: out_of_scope | H112: 1.234,000 | I112: IMD | J112: 1 | K112: =FALSE() -> FALSE | M112: excluded_single_provider | O112: C1: offered by only 1 of 3 providers — not admitted
...

Sheet Change_Log
A1: date | B1: version | C1: change
A2: 2026-07-28 | B2: v3.0 | C2: Consolidated 2026_07_27_OpenTwin_AnchorLayer.xlsx and 2026_07_OpenTwin_AnchorLayer_FineTuned.xlsx into one file.
A3: 2026-07-28 | B3: v3.0 | C3: Reference_Intervals taken from the 2026-07-27 workbook because the FineTuned version lost the parsed columns.
A4: 2026-07-28 | B4: v3.0 | C4: Everything else taken from the FineTuned workbook, which added organ_mapping, LOINC_Map, C3_Audit, Panel_Decomposition and Exclusions.
A5: 2026-07-28 | B5: v3.0 | C5: Added unit_ucum and ucum_note for all 67 core markers.
A6: 2026-07-28 | B6: v3.0 | C6: Added region_ids, a closed 25-value region enum, and a crosswalk from the 26 free-text organ_mapping tokens.
A7: 2026-07-28 | B7: v3.0 | C7: Added issuer, issuer_kind, assay_or_catalogue, source_url and retrieved_at to Reference_Intervals, per the SAD Anchor data model.
A8: 2026-07-28 | B8: v3.0 | C8: Added record_kind to separate interpretive bands from measured reference intervals.
A9: 2026-07-28 | B9: v3.0 | C9: Added loinc_review_record, set to UNVERIFIED for all 67. This is the review work queue.
A10: 2026-07-28 | B10: v3.0 | C10: Added Data_Quality_Findings with 15 findings, owners and status.
